Item_Identifier,Item_Outlet_Sales
FDW58,1630.3905
FDW14,1363.8647
NCN55,1078.508
FDQ58,2155.286
FDY38,6428.7974
FDH56,1876.7434
FDL48,607.27057
FDC48,2088.4805
FDN33,1451.3657
FDA36,3127.8584
FDT44,1939.5754
FDQ56,1346.004
NCC54,549.81946
FDU11,2117.8855
DRL59,773.2513
FDM24,2380.4788
FDI57,3806.0015
DRC12,2858.2322
NCM42,3002.3528
FDA46,676.0881
FDA31,2800.4978
NCJ31,3842.962
FDG52,741.2792
NCL19,310.6351
FDS10,2979.9082
FDX22,714.9113
NCF19,815.808
NCE06,2531.829
DRC27,2827.4219
FDE21,2043.7738
NCR42,108.697815
FDX51,2890.5605
NCR06,540.3179
FDU31,5520.874
FDU59,2424.6353
FDR03,5307.455
FDS49,2364.0942
FDD48,292.37674
NCF18,3047.327
NCD43,2591.0818
NCD54,1778.2754
FDY19,283.72794
NCY54,2753.8955
NCL19,2169.7827
FDP23,508.37375
FDC26,1768.9222
FDR14,124.55406
NCS41,3297.8074
FDF41,4478.6655
FDU34,2082.0925
DRH11,916.25165
FDM03,1657.6083
FDS31,2986.333
FDJ20,2001.9763
FDV44,4854.33
FDG02,3225.2473
FDA09,3241.9954
FDT04,674.89923
FDL58,526.1596
FDE52,1311.4675
FDW12,2461.649
FDL51,3196.7886
NCY42,3184.943
FDR07,1558.1776
FDN40,2299.8235
FDB35,2517.8413
FDA22,2594.3062
NCL06,3889.4348
FDI35,2987.1448
NCW42,3441.1926
NCX06,3095.896
FDC37,2686.0134
FDZ14,1753.3242
DRG49,4672.072
NCG06,3043.465
DRC36,2631.5095
FDV21,301.49042
FDB53,2347.8315
DRP47,508.0525
FDA14,2417.2588
DRC24,2507.8613
FDW21,1584.9951
NCH29,1692.3143
FDU58,2963.2812
FDY27,2267.4822
FDV56,1730.118
FDT59,3552.9387
FDB23,3546.7354
FDR49,744.35706
FDB03,471.3919
FDN39,2811.4995
FDX02,6295.2495
FDQ16,2675.9954
FDU35,1456.1499
NCT29,2072.0024
FDZ27,753.6947
FDN57,2139.4812
FDA03,2087.5615
FDZ36,3354.864
NCU05,1329.2559
FDT39,2231.5571
FDK60,1548.2546
FDZ25,2841.6824
FDG12,2091.343
DRB01,-290.99078
NCC43,5554.617
FDX13,836.423
FDM22,868.63574
FDJ03,1381.7632
FDU14,3452.7048
FDB33,426.60242
FDP27,3071.7188
FDO38,177.14586
FDE28,6445.5923
FDO27,1498.3379
DRL23,2591.9805
FDS28,862.79376
FDX24,1410.867
FDZ02,1547.8062
FDL46,1653.2848
FDS60,4875.154
NCO06,645.9294
FDO16,1557.7166
FDC60,1547.947
FDA48,3109.1326
FDZ36,5172.107
FDK27,2000.8545
FDW23,559.07745
FDM14,1448.7773
FDM14,1667.7942
FDW60,2746.7173
FDE21,1935.8441
NCM42,1747.7725
FDY59,241.1078
DRI49,1248.3903
FDT28,370.42773
FDQ22,517.4046
FDR60,1124.7721
FDC50,250.06322
FDV24,2353.5457
DRF48,457.25244
FDQ47,645.2546
DRN36,1515.8601
NCY06,2135.359
FDE52,1415.984
NCB54,2008.064
NCF31,2445.8616
FDJ08,4854.9077
NCC07,1697.4287
NCD19,1755.7085
FDL46,1792.943
FDM20,3909.299
NCI06,948.2609
DRM11,3917.3267
NCH07,2372.7607
FDS23,2101.2192
FDO49,599.3802
FDS35,1023.58093
DRK39,1260.9316
DRI39,908.73413
FDV04,2263.6082
NCN14,3165.631
FDH08,3191.4314
FDS20,3208.0825
FDV40,1119.2283
FDZ48,268.86276
FDS24,2256.8022
FDK44,2592.13
FDS48,2485.8044
FDK26,845.58826
FDD23,3143.5747
NCH54,2633.2825
NCP14,273.6798
FDM60,115.73742
FDV24,2360.6501
FDH08,2317.9287
FDS12,3240.6025
FDR39,4843.932
FDP12,1046.4109
DRF60,6363.9067
FDC09,1732.0592
FDF50,2997.1885
FDG28,3791.1804
NCE19,935.8611
NCM53,282.0674
NCN18,2135.0073
FDF32,3250.5955
FDF11,3543.0662
DRI59,3832.6194
NCG54,2827.106
FDM44,1611.7416
FDT57,3102.896
FDV24,2395.6482
FDI50,1417.7352
FDS09,795.4803
NCC31,3790.921
FDQ07,496.1242
FDC22,3067.156
FDZ56,2838.069
FDZ40,143.3856
FDS46,2950.1548
DRD24,2054.0188
FDV45,3167.2688
FDL26,2511.1042
FDA56,1785.8845
FDN27,1753.4828
FDM20,4141.849
FDO16,1593.406
FDL03,3232.322
FDE58,1869.4146
FDI02,3201.9534
NCC55,115.093475
FDR03,3241.2288
FDB14,1448.4193
FDR45,5909.676
NCN07,2133.362
FDM51,287.95712
FDT52,6368.276
FDL26,2457.8938
NCZ42,3707.74
DRI47,394.69955
FDW40,2242.4785
FDN34,3300.9727
FDS01,2922.269
NCG55,1845.2653
FDC11,1326.2054
FDX35,3195.1594
NCB06,2532.7312
FDR09,540.92224
FDC53,1553.6941
FDY45,3711.0505
FDA22,416.95343
FDE02,1510.9827
FDW21,1668.4403
FDV34,1073.1302
FDS59,1641.026
NCW17,2170.0398
NCK54,1880.8927
FDG17,1114.8347
FDG35,2932.6055
FDD08,108.697815
NCO07,3694.1887
FDJ10,378.53937
FDW36,1689.5143
FDW21,333.72263
FDY19,1933.5186
DRE03,742.9592
NCC55,685.831
FDH52,154.32704
FDO09,4329.65
FDU43,3235.7786
FDX09,987.8647
FDH40,215.85393
FDW58,1703.1659
FDC47,4836.993
NCR41,1586.0215
DRG49,4697.021
FDC52,4119.685
FDY13,1246.234
FDY35,733.9914
FDI35,3114.675
NCU18,2141.771
FDY33,3043.1167
FDC15,3700.7417
FDU01,3248.327
NCU42,3087.7166
NCV29,2732.8613
NCY30,3167.8813
FDQ46,1768.7959
FDG58,3744.7747
FDK33,3499.8447
NCD07,1845.57
NCX29,3714.4338
NCT42,2355.5684
DRN59,815.808
FDI44,1297.5376
FDA45,2267.7954
FDP31,887.0677
FDY01,1872.6748
FDT09,1885.7336
DRH03,2458.5112
FDA36,2747.51
NCF31,2422.528
FDG14,2607.0823
FDG28,5915.1255
FDU14,3553.1526
FDY47,314.50418
FDI56,1371.9517
DRD01,891.7571
FDM22,899.6907
FDH33,699.20337
DRZ24,2019.0703
NCQ38,1650.7637
FDO16,2245.9612
FDU07,3783.0867
NCB07,2966.0684
FDU48,2046.4995
NCM43,2704.9553
FDR31,372.78345
DRK49,530.9465
NCI30,565.2174
DRD60,3013.1545
NCG19,3510.4478
FDH12,1695.998
FDM32,1505.2351
FDM27,2442.2568
NCU53,4293.099
NCQ18,1599.9105
FDS10,2831.9119
FDB33,4102.7446
FDI12,1357.5297
NCW42,3398.544
NCC06,1962.6166
FDW02,2202.6416
NCD43,1736.7391
FDM57,1162.8984
FDA58,2752.1194
FDK56,3065.975
FDP52,4084.3167
FDW20,1713.865
FDS52,1620.4446
NCT29,1710.9612
NCL54,2861.251
FDC05,2908.0847
FDF34,3306.6135
FDP03,3190.0134
FDD32,200.85094
FDZ10,2101.3723
FDZ40,964.9734
FDD51,523.3408
NCY30,447.66486
FDP58,3238.7844
FDV49,3960.5713
FDY24,146.66472
NCO55,1702.9802
FDR13,1973.386
FDS51,942.6558
FDP26,1645.4974
NCB54,3246.5818
FDF32,3148.967
FDN31,2778.0837
DRM48,703.2737
FDN20,2750.9102
DRL01,4564.2314
FDV56,1626.0468
DRH13,2627.958
FDA03,2400.677
FDF47,4940.002
FDX32,2417.1812
FDX57,1506.7963
NCA30,2779.2903
FDO49,739.6226
FDL04,285.2083
DRM48,717.22314
FDR16,4845.5522
NCC19,2703.6262
NCE42,3689.9072
FDY24,947.1767
FDH19,2827.8318
FDJ46,2817.6309
FDN45,496.2907
FDY08,2110.5312
FDZ37,1435.6104
NCT30,740.6665
DRY23,535.6603
NCZ30,1826.0057
FDC44,1586.6147
FDB45,1629.8225
FDY04,2626.766
FDM27,2730.6973
FDZ43,4851.7505
FDT39,403.85266
NCC06,433.25943
FDL15,3719.9126
FDL57,4474.6562
FDU08,1575.8234
FDK40,4012.4148
FDQ12,241.23846
FDS48,2485.2048
FDP09,3393.5754
FDW21,1742.3716
FDY25,4142.1436
DRE13,1415.2977
FDV43,120.44044
FDD22,1700.9397
FDM46,238.49693
NCO30,534.95135
FDM25,2828.8965
NCN41,2072.629
FDU24,1600.4592
FDZ50,3114.8015
FDP45,3208.2173
NCM54,2017.3424
FDW10,699.24005
FDP20,2105.5967
FDK32,2389.2195
FDN52,1348.1061
FDM58,1725.7258
FDZ46,3059.1597
NCA18,1588.7985
FDD35,2071.7148
NCK31,838.9508
FDI40,2664.3015
FDT50,229.29965
NCT06,2642.5486
FDT31,3177.2222
FDT45,865.9221
FDT13,3026.742
FDO50,1377.8295
NCU18,307.8583
NCR54,3180.7214
NCO18,2852.0933
FDU09,1125.7246
FDT13,2874.849
FDE09,1771.4585
NCK53,318.1252
FDG45,3985.8735
DRH15,879.1198
FDO21,-191.81726
FDD14,4998.919
FDC09,1650.2297
FDH45,1099.8491
FDV32,1018.74603
FDG12,1989.4471
FDS32,2095.3828
NCL55,3500.849
DRE01,3980.1167
DRE15,1251.0804
NCL42,3884.749
FDP31,938.2199
FDN33,1277.3717
FDZ59,2838.3352
FDE45,1047.078
FDJ07,1936.9697
FDQ45,2868.5718
FDM33,5525.773
FDO15,194.15773
FDM46,1400.3542
FDR03,3530.2158
FDY49,2442.134
FDQ60,1878.7926
FDW10,2950.9646
FDO51,706.85693
FDJ40,1409.8677
FDS20,2787.6199
FDU45,1769.6375
FDV02,2783.7302
FDN09,3083.0837
NCM55,5155.507
FDN23,2189.3008
FDY31,363.20294
FDW03,344.45868
FDD14,2931.3052
FDV23,2106.951
DRI03,2759.7112
FDN13,1600.3075
FDF45,1732.8562
FDU46,1400.7782
FDB57,3718.1667
FDV12,1662.6492
FDQ58,2140.5613
NCA18,1938.4385
FDH52,920.3718
FDM24,2154.1343
NCP43,4863.8154
NCO18,622.0717
FDM32,1442.9613
NCL07,655.79083
FDK03,4189.6084
FDP59,1560.975
FDQ24,4968.681
FDQ16,1431.0404
FDU44,2793.1648
FDH28,109.336815
FDV28,103.30927
FDM22,880.11237
FDR56,3352.262
FDV39,3635.14
FDU37,261.14957
FDQ11,101.5957
FDX02,4047.2922
NCS42,1265.5929
FDY57,2721.9832
FDB21,4446.6973
FDE28,3730.6711
FDQ55,2034.5488
FDA48,3599.1772
FDZ19,2750.1167
NCC43,3032.0002
NCV18,1879.3419
NCA42,2365.136
FDY45,3161.0256
NCC30,2886.4502
FDM57,1352.3591
FDL09,401.12497
FDB09,3397.5022
FDT44,1983.0316
NCT06,4078.6768
FDX26,3163.5798
FDK32,2385.449
DRA12,2074.146
FDO46,376.29404
FDE52,1324.8438
NCH42,3642.9707
FDV08,751.324
FDB47,2751.0051
FDC28,295.23538
FDD22,1881.349
FDS07,3241.7844
DRI13,3228.3684
FDG32,3897.3281
FDU14,3754.3662
FDD28,146.67122
NCP41,1776.2153
FDS08,2632.283
FDX47,2474.9758
FDC53,285.7375
FDQ19,4470.389
FDL14,2355.2637
FDM33,789.2687
FDA51,1931.5459
FDZ27,622.34784
FDT04,683.2718
DRC13,2069.5288
FDR16,6535.901
FDQ03,5674.6
FDE38,2783.445
DRH23,1771.3795
FDT11,366.82388
FDD09,3128.9668
FDR40,1283.38
FDX07,3233.637
FDR07,1519.588
FDA51,1907.4194
FDT59,563.88934
FDF20,3202.415
FDR13,1856.286
FDY26,4075.9849
FDW04,2190.0356
FDK52,4481.9946
FDN60,2671.7327
FDM09,465.45956
FDP46,1347.7323
FDB50,199.73436
NCQ29,3535.3916
FDP16,7315.1675
FDX33,2335.2727
FDP07,464.22018
FDN22,3729.089
FDF39,5674.752
FDS21,931.924
NCM42,1687.3425
FDK50,425.2359
DRF13,3716.0972
FDH35,2196.5945
FDP60,1365.25
DRJ49,3205.9348
NCT42,374.057
FDE38,2742.5562
FDI04,3139.6199
NCH54,2558.0435
FDT56,898.2766
DRD15,3160.3984
FDV58,2642.9329
FDP21,3285.9902
FDH05,3779.8896
FDR10,4153.9897
NCP06,2185.363
FDF33,1664.4623
DRK37,3993.9077
DRH49,1288.3143
FDT58,2745.6816
FDD41,1477.4716
FDP40,1595.5137
FDM51,2609.3008
FDO45,219.12105
FDW33,273.6798
FDY24,893.7576
FDB10,584.00165
FDM40,2118.268
NCI06,3452.896
FDW12,315.63107
FDX48,3803.36
NCW05,2990.7998
FDX27,1408.984
DRM37,3765.2554
FDA38,3681.2454
FDR36,676.9322
FDZ45,3077.7148
FDG05,2543.9155
FDK28,3903.901
FDV47,1318.5908
FDN21,2439.0293
FDP20,3044.331
FDI35,2952.96
DRY23,707.24304
FDA56,2157.7944
FDB09,2080.4336
NCO26,2956.719
FDQ49,2154.4182
FDI52,3185.7776
FDZ44,3174.979
FDZ09,2387.7153
FDY03,1920.6323
NCG42,2151.3682
DRI13,5741.8857
FDQ32,2089.515
FDW16,1450.4059
FDU27,731.1903
FDR28,441.651
FDQ49,425.56555
FDS37,2020.0621
FDW26,2975.6626
FDX12,3357.8743
NCP06,2299.2654
FDW45,435.4223
NCN30,1495.4552
FDN24,866.8017
NCL41,1093.5682
FDR02,285.20737
FDD09,500.15527
FDS33,259.5778
FDU22,1970.6959
FDI53,2564.3467
DRH01,2824.9155
FDX32,2144.4395
NCP30,514.84686
FDB60,2989.291
FDB14,1411.0251
NCP02,964.9734
FDJ10,2206.7244
FDG34,1726.1322
NCB18,1463.6229
FDM16,1125.2373
FDW25,1298.902
FDB35,231.89296
DRN11,2151.6536
FDF41,1237.545
FDH16,1330.4624
NCQ50,3305.726
DRH23,726.0157
DRJ37,2399.5144
DRJ24,4987.6494
FDY16,3242.9949
FDQ27,1723.5737
FDZ33,2367.023
FDF29,2110.1086
FDA08,2665.934
FDG31,1020.96
FDE34,752.5317
NCR30,1934.9357
FDV33,4110.2666
DRZ24,1867.9904
NCL54,2882.8208
FDR12,2535.61
NCC54,3662.213
DRN59,760.7406
FDX50,267.47617
FDV31,4799.3213
NCA29,4627.75
FDW60,2976.839
FDX08,3396.3064
DRD49,3635.2925
FDD33,3598.6526
FDW35,704.81274
FDJ36,1689.8881
FDV51,2881.208
FDW36,1642.9176
FDH35,2393.9016
NCS30,3230.2644
FDN49,666.0952
FDL08,2488.681
FDI09,3862.148
FDP19,1797.5941
FDU21,109.071655
NCP41,1600.0598
FDY10,1797.7094
FDP12,499.80737
NCN26,1934.909
FDK44,2564.6353
FDC28,1638.6171
FDJ41,6173.4316
NCT29,2113.8882
NCH42,610.95325
FDU60,3050.9854
FDS02,3058.007
FDC51,2086.9714
FDU03,3005.4236
FDX39,3478.1401
NCY05,122.1637
NCL06,6083.474
FDD32,1360.6647
NCN41,2008.3364
NCX53,2142.4856
FDU57,360.171
FDQ23,1704.4081
FDQ52,4636.558
FDC14,652.6908
FDY09,3042.801
FDQ28,2409.8015
FDV25,3393.2747
FDJ07,1965.2617
DRB25,1636.3757
FDK52,587.00867
FDY52,1792.6111
FDB28,3089.7542
FDT36,690.92474
FDV25,3515.382
NCN07,3250.3105
FDC57,3069.2617
FDQ03,2577.894
FDU23,2849.2478
NCX41,3668.79
NCD06,800.6658
FDW08,1621.6761
NCU29,2497.333
NCE06,2470.8572
FDV52,253.27539
FDB02,2847.5703
NCR18,683.2628
FDK16,1486.8606
NCQ29,362.58548
FDZ01,296.286
FDW27,2406.0017
FDD17,3465.0542
FDW39,2861.0608
DRH59,1054.8721
FDS52,1622.1682
FDU40,5313.0947
NCF54,2793.4023
FDH46,1612.749
NCP14,1643.7876
FDH50,3445.972
DRF15,274.03528
FDV27,2304.8557
NCJ06,2060.1558
FDN02,2974.3328
FDQ51,763.2225
FDQ07,3811.4485
FDS45,1837.6616
NCJ06,2007.4501
FDD36,2043.2599
FDY25,3971.179
FDU52,2461.217
DRK47,3523.6726
NCL30,2105.5967
FDN22,3926.6177
NCF30,3153.935
FDK03,4216.1587
FDT45,918.3617
NCC54,6275.563
FDP08,2662.2397
FDU44,2864.046
DRG39,911.4974
FDU32,2084.212
FDY27,2598.1235
NCP54,2088.196
NCZ41,2077.0195
DRL49,1582.1294
FDI05,1040.1991
FDY56,4161.888
DRC13,2077.3335
NCV29,3103.4636
FDR24,1372.1647
FDZ34,3555.624
FDP37,2111.5774
FDX08,5029.1865
FDS57,2070.1663
NCG18,1699.0469
FDK25,2772.76
FDH53,1268.0872
DRI59,3162.2622
FDA52,2776.5156
FDT20,116.87401
FDE36,917.9138
FDI24,3019.7014
FDB28,2866.7317
FDV11,2748.6077
FDP01,2160.2476
FDD34,4101.6274
FDJ50,1407.7385
FDZ44,1903.5015
DRO59,1264.9089
DRB48,691.8602
FDR21,2583.5913
NCE42,730.0839
FDO23,1408.2611
NCE30,2109.7256
FDQ22,712.22626
FDY01,1856.3403
FDS08,2543.0593
FDG28,2869.7627
FDQ51,620.6025
FDB05,3566.3115
FDO56,1908.5417
FDE02,1243.5822
FDN45,3590.1218
FDS09,768.7067
NCA54,2741.8125
FDP09,605.38916
FDC53,1572.1061
NCM55,3144.883
FDL09,2416.9465
FDA11,254.52116
FDA50,1424.452
FDC23,3038.8965
FDE22,2623.7178
FDD23,3118.7544
NCA29,3001.511
FDK38,2375.3533
DRC13,2021.867
NCP43,2927.3496
FDX28,1612.8984
FDF08,1382.1499
FDZ33,2365.4382
FDD10,2433.0254
FDO58,2599.018
FDI50,4709.3486
FDO58,2557.2595
FDX08,2994.5703
NCK17,124.50911
FDF39,6101.436
FDU45,393.89542
NCJ18,1586.6147
DRC27,242.78003
DRC25,1450.0084
FDU59,2508.44
FDU28,3174.7473
NCP30,657.12305
FDB39,711.55164
FDE41,1352.3591
DRH11,144.48741
FDA58,2668.7258
FDU50,1937.1759
FDM34,2108.8608
FDM44,2630.0354
FDR39,2878.909
FDM25,2734.2617
FDQ49,2346.7483
DRH25,621.1217
FDM09,4410.0664
FDL44,412.61987
NCR42,492.68665
DRL59,865.60645
FDX43,2669.9482
DRK47,239.93764
FDU48,1791.129
FDY12,743.0372
NCN43,1785.8845
NCM55,2781.1443
FDQ21,3284.2043
FDX13,4551.6816
NCK30,5365.6885
FDG20,2618.0056
DRG27,670.5184
FDY14,4018.5715
FDP59,1545.7343
FDU60,3763.7725
NCC18,313.3071
DRJ39,3474.7056
FDS07,1944.0962
FDM08,5763.233
FDP51,1964.9634
FDU16,1411.5846
FDH12,1669.3805
DRE48,301.20612
NCL42,6570.666
FDR21,2701.3638
NCW29,2176.3064
FDO11,5616.915
NCM31,2145.0627
FDV35,375.01663
FDF58,934.37744
NCE43,2858.1184
FDA02,2417.6807
DRL37,155.85667
FDR24,1202.5215
FDW59,1331.9373
FDS22,716.2201
FDW24,802.742
FDU24,1684.5333
FDA21,5772.638
FDH58,3023.6719
FDW36,1411.1876
FDI45,4634.1855
FDU01,2878.1245
FDF35,2790.961
FDU43,40.589695
FDE24,350.30505
FDK50,2663.0503
FDG31,1001.38336
FDC60,1468.9385
FDL36,1381.0922
FDP21,3176.2766
FDW16,1321.5573
FDX02,4260.825
FDQ58,3586.2961
FDT51,1718.9686
FDD59,1277.4106
NCM42,1483.8151
FDA57,522.482
FDZ48,1865.3901
FDE46,1809.4613
NCZ30,305.55905
FDB56,3777.1296
FDA25,2597.3171
FDD20,2112.5898
FDL25,1388.6135
NCO18,3145.4536
FDJ45,648.3914
FDR12,2544.502
NCF19,140.90337
FDK25,3032.7954
NCR17,1942.763
FDC52,2397.9946
NCA54,3051.1968
FDR45,2003.1085
NCM19,2205.4353
FDF39,5396.4253
FDX23,1508.3792
FDD58,2646.1096
FDX28,1656.3682
NCD31,2733.2036
FDU57,2111.7427
FDI27,728.37756
NCM42,1693.4507
FDD32,2183.5664
FDI34,3773.3008
NCM29,2141.1853
FDG46,1811.9993
DRC01,146.1681
FDB15,6302.24
NCA17,3693.566
FDF10,2389.1843
FDR26,4590.34
FDI02,1835.2542
NCM54,299.4193
FDF14,2395.379
FDJ33,287.79492
FDM20,4166.7983
FDC03,5265.199
NCX05,1881.349
NCM41,2554.9736
NCU29,360.76794
FDQ59,1355.8828
FDH46,269.84567
FDH09,752.25183
NCD06,737.43726
FDC15,2427.4521
DRD37,1105.0518
FDT28,3613.4395
FDR28,4187.4634
FDT38,1353.5913
FDV34,1939.7051
FDY52,986.9395
FDB34,1383.2936
DRL23,1414.6105
DRB24,2593.2385
FDJ50,906.46826
FDQ49,2460.5024
FDP20,2118.862
FDV19,4217.3604
NCR54,2922.9597
FDO09,494.63153
FDS57,1859.3638
FDN10,1909.8617
FDV23,2078.3738
FDY28,3626.0015
DRG51,2682.0168
FDD45,250.4525
NCL18,5269.998
NCM29,2136.05
FDF17,5313.0947
FDE22,2607.2842
FDQ22,651.7573
FDS01,2876.2905
FDW35,1051.2839
FDJ33,2039.5282
NCF54,2942.0044
FDE09,1713.211
NCE06,2484.5967
DRH49,1258.7192
FDY43,2754.3281
NCT05,3702.152
FDZ34,3759.9888
FDL38,1395.091
FDZ31,3118.8706
FDR14,909.8151
NCN54,1217.8558
NCC42,3259.6628
FDK08,1660.7291
FDP59,1605.5731
FDV22,2744.0632
FDD33,3859.739
DRE60,6004.9175
FDK52,4048.322
FDA02,2394.6462
FDM56,1625.335
FDE57,2161.0198
FDM32,1335.8027
NCQ30,3004.5745
FDQ27,2515.3538
FDT60,3201.4985
FDU43,3386.388
NCO55,1695.4855
FDG02,3045.6497
FDJ28,3181.6362
FDP40,1751.0939
FDJ38,3074.1316
NCC54,3880.7117
NCZ41,2045.2214
FDK38,383.64615
FDU52,2362.5498
FDC40,1175.1975
NCR30,1097.8987
NCN18,2131.1716
FDB50,1261.6573
FDG04,3315.1553
FDR26,2573.5518
NCT17,3033.8572
FDX35,5757.5396
FDS12,2101.0264
NCZ29,3222.0645
FDB38,417.03506
FDP12,644.17993
FDP22,820.4869
FDS26,4512.8247
FDR52,3071.3257
DRJ13,2543.9656
FDU48,3246.5818
FDE29,974.25543
NCT29,2064.1978
DRK37,3612.258
FDK55,1335.0862
FDR07,1496.9258
FDO21,4710.962
FDK46,4123.166
FDB12,1625.5654
FDT31,4961.0513
FDJ33,2003.932
FDC26,3164.6565
NCQ02,3023.0432
FDP08,489.1875
FDB11,5588.9927
FDV55,2440.159
FDW20,2016.5894
NCJ18,308.28094
FDC41,1044.9958
FDE14,2624.1426
FDG35,2596.9783
FDF45,1007.9918
FDS19,2235.4084
FDS58,477.821
FDA26,3613.584
FDM32,1351.5142
FDL45,2057.599
FDZ55,2563.0781
FDY37,2143.0254
FDO46,2883.3564
FDQ60,2003.9071
FDA19,1821.6241
FDL15,2379.9136
FDM10,2365.6816
NCL05,697.7326
DRK49,131.68565
NCE18,6783.9253
FDG40,645.8491
DRI59,3542.728
FDK28,3902.5415
NCD06,136.83467
FDO11,1614.964
FDK27,2015.2719
FDT43,1375.228
FDD38,1397.7852
FDA16,3739.2996
FDL14,3803.36
NCM17,854.7454
FDD20,2040.1179
FDA40,1381.6443
FDL43,1224.1819
FDV15,1689.6215
FDE52,1343.3612
NCL17,373.47293
NCJ31,3702.7712
FDR60,1116.8278
NCA18,1959.552
FDS21,1786.5558
FDW09,1309.5632
FDL26,2606.5886
FDS47,1220.651
FDC39,3337.181
FDT51,1821.0264
FDK40,4125.42
NCG19,3613.3105
FDZ07,917.7372
FDF08,2497.2988
FDO04,897.0874
FDK41,1165.9121
FDP15,4366.2417
NCD43,1394.1172
NCP18,2418.5295
FDZ51,1475.5323
DRH13,1718.1223
FDF38,658.49347
NCI43,731.47815
FDM38,1953.713
FDS03,1028.735
DRJ47,2790.0347
FDT50,223.85052
FDV02,2768.6982
NCG18,1736.7391
FDW52,2905.1335
FDS40,725.8615
FDN31,3130.6301
FDA37,2003.7487
FDA15,5048.5854
FDL39,2372.6782
FDJ53,1999.9054
FDX22,3531.7095
NCZ42,3813.7263
FDD56,4741.3823
FDD40,3166.0698
FDS50,3132.0918
NCN14,3052.0776
FDT15,3136.5173
NCS18,2675.9954
NCO26,294.07047
FDF58,750.2779
NCB19,1375.6019
FDH26,2175.9949
DRB24,4046.0122
FDA49,1168.9264
FDB32,1413.6147
FDI36,3458.6436
NCA17,325.8283
FDH22,2027.449
NCM26,2094.5466
FDT15,5267.4224
FDB16,1168.0624
NCP54,3170.5881
FDJ36,1656.2883
FDO28,2017.9824
FDU09,1139.6106
FDF29,2178.6887
FDY08,2117.3994
DRJ59,512.085
FDT23,2167.2124
FDU15,505.61017
FDT47,1627.502
FDI53,444.27744
FDR59,3402.688
FDD53,738.9191
FDY51,3515.102
FDT04,654.49634
FDU51,3578.1526
FDG14,2646.5652
NCU06,3637.2075
DRG25,4431.408
DRH49,1403.5641
FDN15,2240.7705
FDL43,1039.8253
NCT18,3299.5723
NCB31,3958.5327
FDK57,1984.5406
FDY04,429.9264
NCP54,2048.5933
FDF41,4299.725
FDM01,1602.478
FDW03,1761.6451
FDF28,2016.7557
FDY37,2244.2192
FDQ03,3143.2705
FDP51,2925.2312
FDJ40,1740.0177
FDC32,1420.4491
DRI49,2265.6665
NCW54,935.8611
FDF09,651.6906
FDP45,2676.3958
DRJ23,2741.2856
FDS59,1791.0466
FDY08,2075.9119
FDX16,2403.1316
FDY16,2708.9568
FDK32,2534.387
FDQ22,672.9513
NCC31,2262.1125
FDG58,2403.3135
DRF48,2947.6409
DRH36,1073.949
NCR30,1181.9607
FDB03,510.06628
FDZ28,3174.264
FDR35,3241.342
DRD15,5775.3857
FDJ33,306.1809
FDA56,307.188
FDP56,746.3453
NCT30,749.6309
FDK15,1659.7799
FDH44,2109.2954
FDV01,2423.0908
DRG03,2485.6165
FDG50,2560.5317
FDR16,2113.686
FDZ60,1594.474
DRG03,2424.9412
FDS56,3360.3694
FDU33,743.0372
DRD27,1752.1509
FDW22,3488.6794
DRA24,2559.709
FDF38,695.59393
FDX48,2427.9358
FDS58,2491.0837
FDC32,1415.6154
NCQ29,3373.088
DRK39,1136.703
NCS38,1793.4182
DRO47,1772.399
DRG27,1084.5214
FDC57,5356.832
FDS55,2383.3613
NCJ06,1706.0413
FDO01,295.7585
NCM55,2950.948
FDC52,2429.7927
FDQ15,1235.4218
NCT30,1396.7786
NCR42,1053.0109
FDD28,953.57117
FDQ34,1636.4333
FDZ12,3233.1416
DRE13,231.61305
NCN07,307.80582
FDM28,2979.9155
FDI10,2748.6077
FDQ25,2751.4546
FDA38,574.38495
DRI13,3441.675
FDY20,2531.833
NCZ53,3310.873
NCM31,2393.5688
DRB01,2231.7864
DRF37,3739.6814
NCF42,2887.164
FDF16,2122.3245
FDB41,763.12994
FDR34,5323.267
FDR15,2246.8264
NCV42,297.79
FDW51,3407.2456
FDU36,1561.8817
FDX60,1248.7584
FDY03,1880.3474
FDW55,3953.147
FDT01,483.22562
FDG58,2406.6294
FDK21,4595.9644
NCS41,504.29907
FDS10,2784.8118
NCT53,2640.258
FDJ28,2872.4258
FDX44,1322.6244
FDT20,521.4381
FDO44,1741.5009
NCX17,3606.303
FDY01,1934.9348
FDJ12,5430.0146
DRK35,501.12726
FDD47,520.6835
NCM53,1688.0211
FDO45,1352.3591
NCM42,310.48495
FDE04,3059.9377
NCI30,5956.56
FDZ19,2795.319
FDW57,2823.763
FDA25,1642.5121
FDT22,893.73035
FDP51,1946.3575
FDD48,2997.5083
FDY39,3855.4583
FDO48,638.2137
FDD23,4875.929
DRN35,1047.7308
FDT01,3378.0574
FDC20,138.31944
DRJ35,1004.02057
FDB32,1397.9674
FDL24,3071.1777
NCV42,1878.0352
FDZ46,1670.6509
FDC15,2418.806
FDD08,103.63166
FDY50,1380.7013
FDD36,1978.4995
FDG57,1424.1376
FDL21,529.2196
FDN16,2591.1177
FDJ09,1144.5837
FDS01,360.38693
FDV33,4031.6096
DRE12,1968.3806
FDR07,1612.7617
FDP48,914.83307
NCB55,922.42944
FDQ08,907.99774
FDR34,5344.4546
FDO33,1743.7388
FDP13,659.501
FDX12,4023.0525
NCT06,2854.89
FDR16,1699.0758
FDE36,3205.435
FDZ36,3502.4631
FDV13,1346.3945
NCZ17,732.0188
FDU56,2977.0913
FDM09,2881.1038
FDV02,2815.0823
FDS34,1549.1344
FDA11,1489.4309
FDP09,3631.9563
FDB29,2951.8396
FDT19,3432.2659
DRH15,857.301
FDY38,3577.0134
FDF14,3677.201
FDN48,324.29523
FDQ12,3569.0088
NCJ43,2847.7195
FDE17,375.37592
FDB05,3533.4297
FDH10,1937.2053
NCR06,688.0803
FDU32,1774.3171
FDD56,2936.1135
FDO36,2619.0713
FDH16,242.61833
FDX10,501.99713
FDZ37,1416.8014
FDU31,525.9041
DRC49,2116.9397
FDL15,2379.6135
FDN32,561.6623
DRH59,2028.5269
NCU29,2387.5742
FDR37,1740.391
FDS14,2246.3086
FDU02,5934.98
FDJ08,3139.6438
NCZ06,3283.0996
FDO31,1265.036
FDH31,1396.8662
FDS58,2756.3992
NCA53,1314.6365
FDF50,3147.2734
NCW42,3629.5564
NCQ17,2420.5334
FDK51,3373.9885
NCW41,404.84003
NCR29,922.3952
FDB08,414.643
FDA40,2422.3582
FDL14,2369.3623
FDB47,3372.1074
FDO03,4127.7
DRK13,455.26254
FDX13,875.39484
FDF52,3183.8853
FDT11,2872.3213
FDB08,2579.721
FDQ28,2380.8674
FDD29,4081.1353
NCQ29,5751.8784
NCO02,1015.26904
FDR56,829.9076
NCM54,2103.8528
FDP51,1930.6622
FDT38,1315.8903
FDZ20,3523.1387
FDJ53,2025.3698
FDX13,4440.011
FDP58,3496.027
NCK31,140.90337
FDA35,1758.9933
FDV37,2662.2012
NCO07,4980.0366
FDA20,2945.3818
FDZ59,3024.599
NCY17,704.47424
FDQ28,2427.8723
FDV35,2388.1882
FDQ36,641.99615
FDD34,2463.893
FDK51,4096.221
FDV31,2871.347
FDR04,1575.5615
FDR14,861.1363
DRC36,283.22125
FDE39,284.834
FDP57,1628.6318
FDE57,2079.0188
NCN18,2147.091
NCQ05,2154.598
FDW47,2093.0613
FDV46,2216.6826
NCP29,1006.5539
FDE09,1479.7673
NCU06,6441.0483
FDT19,595.5752
DRF15,2326.646
DRI51,2982.2937
NCX54,1655.9146
DRE01,3926.5276
NCB07,2801.575
FDU50,1921.4397
FDG40,702.90643
FDW10,2645.6628
FDX51,3199.771
NCP17,991.1098
FDP21,3240.2705
FDL04,1593.6686
FDV23,2077.1726
FDF24,1253.4861
FDH56,3052.2837
FDB51,888.22296
FDI58,2514.9539
FDR20,747.3297
FDC51,1808.8749
FDB16,2200.2817
FDE40,883.74915
NCM17,912.935
FDU56,3314.1716
FDS32,312.4963
FDX02,4192.771
FDT39,3872.1362
FDE35,939.52936
NCI42,279.18152
DRL23,1642.1777
FDA10,2032.147
FDA11,1487.0532
NCM06,2434.8801
NCT05,3822.9504
NCQ02,634.38824
NCY06,2131.923
FDY56,4375.3135
FDL02,1727.7399
NCI06,3375.4163
FDQ14,2334.3374
FDQ12,3541.466
FDP36,748.31104
FDK21,6821.261
FDO40,2387.7544
NCK54,319.1081
FDY09,2739.8623
NCW30,3863.6582
NCC55,1010.20374
FDE58,1580.1497
FDR39,3010.5684
FDU28,2880.293
FDH08,3139.701
FDG35,2610.7146
FDG22,650.99396
FDC34,2878.607
FDP15,3739.079
FDK34,595.2642
FDU45,1949.5334
FDQ04,1085.6768
FDX22,2930.9036
FDB45,1573.8003
NCH43,4814.3765
DRE60,4879.8296
FDD17,6228.7485
NCM54,2110.212
NCH55,2093.1682
NCT06,2688.9326
FDA48,5460.2803
FDY58,7035.3096
FDO25,3219.2212
FDN50,1483.1145
FDH35,2777.3147
FDK09,3580.4807
FDO16,1565.2979
FDW11,1001.38336
FDU47,3430.9338
NCQ42,281.33817
FDK55,2553.0737
FDN08,1954.2543
FDT57,3780.827
FDJ12,3035.681
DRL59,781.1443
NCN53,708.31775
FDO51,126.03021
FDK56,3096.7583
FDY12,774.63666
FDU15,720.74255
FDQ19,4077.6868
DRF15,2265.9707
DRE25,240.99629
FDK57,1663.7657
FDD33,558.95703
FDR34,7983.4224
FDU04,2029.4637
FDE35,160.51973
NCD31,2848.676
FDJ56,1637.725
NCU53,2686.0833
FDD39,3523.8826
NCU17,285.2083
FDJ20,1961.7614
NCW41,2333.1492
FDL52,690.43805
FDS39,2220.3262
DRJ47,2715.5017
FDP13,113.37036
DRK39,188.71318
FDF28,290.64392
FDB09,2017.3424
FDM51,1615.3248
DRM49,537.7275
DRF23,2798.8694
DRH01,2864.8704
FDH12,2654.512
FDA28,313.5352
FDW37,1184.542
FDF02,1670.2639
DRL37,693.16656
NCF43,2074.4429
FDH08,-306.9344
FDR34,2014.261
NCK19,3234.8774
NCD55,545.7756
FDT27,3692.1882
FDQ57,2363.4204
FDA47,2630.612
DRG15,1834.7334
FDE05,2150.7363
FDN46,1631.6774
FDX27,2583.8523
FDT51,1681.9034
FDU33,699.45465
FDJ16,1796.8234
FDD20,309.28787
FDT36,637.415
DRF15,3600.6384
FDN52,217.5689
FDC22,5299.557
FDX15,2138.9624
FDT13,3184.0596
FDU04,2156.9473
FDU31,508.67096
FDW59,2256.6145
NCO29,2612.699
FDL15,2464.7803
FDI41,2650.8506
FDQ48,1591.2764
DRI39,940.744
FDI08,4072.9949
FDC21,1679.5466
FDF58,1038.1315
FDS08,284.6784
FDE47,2022.0883
NCP18,367.39978
NCR41,1534.6924
FDA27,3543.772
FDA43,3284.4543
FDA49,1340.4453
NCE55,3253.6055
DRM49,1132.0247
FDF22,5499.1255
FDQ15,1072.025
NCS54,3548.8733
NCY05,645.4998
FDR45,5778.423
FDK57,2109.91
FDF41,1324.0898
FDV21,2080.1506
FDD51,732.9831
FDF33,1686.1387
FDA38,3738.3662
FDR56,3206.5894
NCN41,2101.206
FDC60,2414.155
FDB47,3242.009
DRH01,2793.944
FDW08,1638.849
FDF38,1103.2266
FDY32,2525.1553
FDG34,1679.5466
FDG47,835.1775
NCF18,3103.2864
FDL39,47.605522
NCH55,2135.054
DRJ35,928.8621
FDS44,4336.8687
DRE01,3384.0015
FDY39,3460.441
FDY32,2345.06
FDR33,3165.9036
NCP50,1265.5758
FDZ47,1308.7839
FDU57,2429.3455
FDY44,3213.7158
DRH59,914.4522
FDB03,6275.1167
FDY46,2821.7773
FDM39,3201.0596
FDY36,1204.6787
NCM55,3271.3591
FDJ50,146.97038
DRL60,2393.1377
NCJ54,3954.822
FDX59,647.3501
FDI07,3389.4849
DRF51,94.00889
FDM14,1774.7911
FDP21,3220.0962
FDE40,1037.633
FDE05,2458.9905
FDM13,3207.5107
FDC34,4153.8535
NCI55,1915.4777
NCE43,2481.7498
FDW58,1445.2097
FDG60,3720.7715
FDV31,2829.1577
FDR47,3101.072
FDM60,126.47484
NCF06,2592.357
NCN26,2961.781
FDQ59,1354.7368
FDF09,661.919
NCS06,3433.9167
FDT44,1877.3154
FDI19,3985.453
FDT22,934.6411
NCF54,4386.406
DRG25,4340.7256
FDB59,2766.2827
FDQ37,3939.5256
FDP56,815.808
FDW44,2953.6245
FDJ26,150.47836
FDU43,2715.627
FDW33,1601.8163
NCX53,3301.7673
FDN56,671.6929
DRF15,2279.5774
FDO33,1951.9044
FDZ39,263.67203
NCJ19,955.81445
FDU01,3551.5144
FDT12,3608.5955
NCM18,1063.5022
FDP19,2099.5967
NCR42,645.8491
FDN10,1920.7189
FDG44,935.3556
FDQ10,3061.6094
DRH13,1619.3053
FDT52,4092.0073
FDM56,1635.187
NCO43,337.9445
NCV29,3128.3577
NCF06,3217.8328
FDO50,1430.368
FDT59,3908.361
FDX40,1095.4309
FDE50,3098.2969
FDX51,3308.7615
NCD30,1361.1185
FDK15,1626.1802
FDL12,897.8278
FDK46,4055.6785
DRH49,191.28831
FDQ57,2390.0686
FDY59,1477.2557
FDO09,3261.956
NCG30,2096.7117
FDM09,2759.5342
NCN17,2672.1235
NCS42,1411.4319
FDD02,340.025
FDE34,3339.2932
FDU38,3061.846
FDB33,2568.3367
NCJ29,1391.3801
FDZ27,787.52954
FDI40,1621.3834
FDG22,647.48413
FDT51,1799.0034
FDF20,2942.5845
FDV50,2051.7395
FDT02,640.72437
DRC49,2440.0823
FDF26,2365.0586
FDV52,2029.3179
FDX59,649.00964
FDV25,3666.8362
FDW23,1090.7429
FDE53,1419.8197
FDA19,2124.9702
FDH22,2049.554
NCO41,1555.6001
FDX12,4122.5215
FDF17,3077.0312
FDS11,3632.5837
FDR51,2392.0215
FDT49,273.6798
FDC56,2029.6931
FDR13,2954.6687
FDQ60,2037.0631
FDN38,4155.5117
NCL29,2552.3044
FDO13,4026.5247
FDE26,2138.2463
FDA31,470.4991
FDX14,1166.3464
FDA34,3578.6348
FDF26,2372.8633
FDE38,2670.3901
DRI11,1881.7922
FDQ60,2923.2576
FDL21,1034.2584
DRC12,5549.8677
FDC47,4396.471
FDE57,2056.26
FDT14,2003.2363
NCZ53,3087.2847
FDE28,3451.7854
FDR19,2400.7908
NCF54,448.0221
FDZ08,1250.969
NCJ05,2089.7437
FDF59,2059.859
NCO05,1689.4172
FDW24,644.51044
NCX42,2540.599
NCA53,794.0826
FDI45,444.73645
FDG46,2029.1836
FDM20,701.28076
FDW11,156.85149
FDX08,3128.9668
NCK17,748.2328
FDK32,2136.4792
NCA42,2654.9812
DRI01,2984.7693
NCL55,3982.1855
DRE25,1286.9966
FDD14,2875.3755
FDB10,3730.824
DRN11,2393.7356
FDP38,626.08484
NCA30,2846.1409
FDT15,3141.9958
NCP55,733.6992
FDF12,2413.186
FDM21,3491.818
FDX56,3904.6987
FDF10,2438.676
FDT32,2824.2478
FDM51,1391.7115
NCR50,3180.1292
FDI19,4017.4932
FDX21,1716.6746
FDR31,2440.4976
FDY02,4207.514
NCA29,3154.988
NCX17,3400.434
FDM12,2803.1292
FDI53,4087.939
NCU30,2884.8484
FDC56,3251.141
FDK27,1785.8845
NCK18,2920.1047
FDB52,181.45737
DRG25,6546.969
FDZ13,758.19666
FDB57,591.7362
FDR40,1306.7158
NCO14,124.50911
NCN19,3019.064
FDQ28,375.37592
FDO13,2293.806
FDK48,1237.7648
FDU07,2121.8774
FDW20,1985.3674
FDV12,304.59552
FDH24,2420.0557
FDV59,3440.3284
FDK57,1979.5659
FDL16,1125.305
NCQ17,2414.0232
FDJ15,4184.655
FDX24,1446.5325
FDT47,1622.7794
FDT10,918.009
FDZ37,1204.3157
FDW43,6551.0347
DRN36,1518.784
FDJ14,1233.6049
FDA32,3374.4539
FDJ38,512.1482
FDQ57,2483.9346
NCQ41,532.6955
FDG56,983.52985
DRC13,3155.1855
FDV55,2485.4229
FDQ49,2611.4275
FDE29,141.20183
FDR03,3583.6616
FDD45,1413.2446
FDN38,595.4194
FDT56,893.44305
FDT48,2746.6292
FDU03,2883.633
FDC56,285.12683
NCO43,2629.427
FDQ27,1781.5374
FDR03,3542.159
DRH23,141.20183
FDG22,645.4347
NCJ42,1674.8832
FDR24,1360.8914
FDW60,3028.513
FDJ08,3063.9294
DRL59,633.0088
FDG60,630.1073
FDW27,2462.835
FDX14,1064.0634
FDC20,906.2757
NCS29,3388.7695
FDJ56,1603.9441
FDB20,207.08867
FDL28,5592.0347
FDW01,2135.8223
FDL03,2922.1736
FDX22,3713.0588
FDJ21,3374.0793
FDR31,2334.1123
FDG21,3301.1982
FDS22,1073.665
FDK08,1627.3424
FDE17,2110.0513
NCN30,1529.8893
FDT50,1501.3967
NCX42,2731.5537
FDJ12,3544.0928
NCA18,2971.0115
FDP23,471.54428
FDX12,4102.6997
FDN40,2161.6382
FDV48,1286.4204
NCY54,2824.0637
FDL16,138.71959
FDR45,4757.6206
FDJ52,2597.034
DRG01,1276.813
FDP52,3980.8877
FDU58,3043.5684
FDL02,1604.826
FDG28,3770.6445
FDA19,2122.0469
FDW46,1874.0983
NCD43,1666.6001
DRG39,749.6795
NCF55,680.4528
FDJ07,1949.4827
FDE08,2375.181
FDP56,144.18898
FDT45,840.57043
FDF17,2870.6123
FDX44,1344.7834
FDM28,4788.4404
FDI36,3107.8403
FDS07,1850.7405
FDD36,1885.782
FDW11,912.08923
FDN40,2333.6602
NCQ18,1529.6493
NCQ54,3511.4766
NCS42,1392.0884
DRH39,110.88595
FDC09,2624.7717
FDT08,376.09204
FDC08,3937.3489
FDT20,655.79083
FDS35,1068.0282
FDX58,3018.3875
FDW58,1630.5283
DRD27,1600.1143
FDH32,286.80847
FDS26,5076.058
FDQ31,1397.2585
FDP11,2201.6882
FDD58,1654.6094
FDM33,3432.1582
FDZ16,3105.5186
NCS29,705.2251
NCM18,251.87529
FDP11,2504.7632
NCC42,2148.1301
DRM23,2784.552
NCN55,6492.233
FDK46,4163.32
FDR01,3076.4756
NCA05,1867.8016
NCP43,2854.4668
FDR12,205.65265
FDQ01,3723.5283
FDM13,2036.4762
FDQ19,4468.066
FDK56,489.01263
NCX06,538.2584
FDO56,3070.4932
FDU45,1744.883
FDI16,137.99706
FDL32,1769.4229
FDA07,2178.242
FDA14,2356.7134
FDV46,3340.694
NCO07,3566.6174
NCP41,1656.2214
FDY60,1845.236
FDN38,4063.3708
FDO15,1115.43
FDT60,2072.0024
FDA55,3913.3442
FDE02,243.6009
DRJ39,3399.177
FDV34,1165.0146
FDS20,5024.493
FDF02,2795.9382
FDW40,2303.043
NCB43,3023.3018
FDR58,1424.8726
DRJ59,792.0053
NCD30,1658.0784
FDE14,1581.9233
FDC28,1411.1876
FDU16,1199.6013
NCD19,960.7416
FDU21,635.28436
FDV59,5218.413
FDU03,3172.9958
FDC33,591.13226
NCR42,702.90643
DRH59,1182.9941
NCM31,2138.4624
FDS50,3384.1716
FDP39,858.6825
FDQ55,1929.0664
FDV36,305.55905
FDI05,2314.4583
FDS45,2684.5786
FDA39,660.0064
FDC37,312.04507
FDJ60,4401.8984
DRQ35,2088.482
NCJ06,2006.1389
NCY42,2197.928
DRM37,3867.849
FDR14,738.7957
FDE51,633.2269
FDT33,2749.811
FDR08,1796.823
FDE36,946.5798
FDL22,235.9171
FDR44,2107.168
FDI56,231.8484
FDE47,295.52557
FDV27,221.18382
FDV10,695.0905
FDC40,1196.3779
NCX41,3365.9807
NCQ38,2534.0303
FDV12,2571.9583
FDE52,1380.1174
FDG20,4548.036
FDV16,1055.8301
FDI32,2020.7567
FDJ32,928.8621
FDN39,2415.2532
FDY34,2940.1326
FDC14,746.13275
FDA55,3843.9414
FDZ50,523.981
DRG13,2686.915
FDP01,2251.804
NCG54,2871.3364
FDM13,1976.8363
NCO18,5189.455
NCW41,2497.6138
FDM52,3676.9978
NCF55,747.80133
FDT09,2131.401
NCM19,2041.8989
FDW12,2189.1655
FDP15,1161.3519
FDK36,737.7665
FDZ25,2975.0933
NCW06,3142.7456
FDW60,2942.4888
DRC49,2419.3098
NCT17,3393.0527
NCN06,2352.3293
FDC45,2598.4402
DRJ47,472.68835
NCF06,3184.1042
FDE21,296.10556
DRG27,670.9082
FDW40,2234.6738
NCO53,3064.416
FDE23,720.4941
FDQ16,1647.663
FDS26,4465.827
FDZ13,137.3997
FDS14,2326.8313
FDC10,1886.9055
FDY16,3358.873
FDJ20,1991.3655
FDV43,750.56647
FDZ32,2644.8655
FDR23,2941.8784
FDN24,896.9891
FDE34,5468.744
FDU31,3401.055
FDW33,1416.3582
FDU26,1848.9233
FDE20,4610.791
NCW05,2011.253
FDB22,2204.1943
FDO56,1880.4723
FDA19,3428.293
DRI39,926.85803
FDH52,743.45825
FDZ50,3437.0706
NCN42,2498.9597
FDB53,2389.319
DRG11,1736.645
DRK11,3718.122
FDQ60,2088.505
FDT36,652.5206
DRG25,4240.566
DRJ23,2973.4258
FDG05,2590.1387
NCK06,1814.5568
FDU52,2375.657
FDW07,1185.8821
NCM17,838.3192
FDA22,2792.445
NCA41,2858.319
FDF38,769.2756
FDH52,914.45154
FDY58,1125.5385
FDZ16,2996.34
NCM18,1337.1063
FDA22,2435.7292
NCJ43,2952.2183
FDI34,6724.82
FDG56,1031.1107
FDS34,1868.0946
DRC01,844.53455
FDQ04,717.62555
FDK04,964.9734
FDT51,1689.1359
FDV26,3042.7427
FDS04,2092.4226
FDW43,3285.857
FDQ28,372.48718
NCK06,2111.8735
FDS23,1936.8627
FDZ36,769.10455
FDE56,739.2985
FDW10,4963.138
NCN14,2852.4607
NCQ18,1534.7789
FDW08,1700.4242
FDU43,3541.7166
FDR33,279.59238
FDM24,329.05878
NCZ05,1642.9176
NCV41,1912.8531
FDV11,2630.1448
NCY05,706.06696
FDV44,2519.5042
FDW32,1332.9452
NCU18,3214.2234
NCC43,3425.827
FDW19,1710.1469
FDN31,3205.6816
FDI48,742.0333
FDS24,1309.8887
FDF46,1949.1562
DRG23,2251.303
FDG14,2335.0085
NCY30,2916.1765
FDO28,1921.23
DRD24,2182.8271
FDI33,1466.6515
FDN32,3117.7822
FDR16,4689.461
FDF26,2384.7666
NCN29,620.49817
FDE20,3088.896
FDA46,3272.9502
FDU28,2644.8096
FDQ48,1564.1498
FDV36,2116.4058
FDR14,667.58215
FDP23,3453.2402
FDP56,766.32733
FDK48,194.01146
FDR48,2375.9062
NCY29,898.45953
FDM22,685.0939
DRJ01,2056.933
FDZ43,4662.62
FDV03,2541.5276
FDX11,4782.009
NCA41,5313.298
FDE38,2674.6086
FDI27,585.75653
FDN32,3227.4114
NCN43,2157.7944
FDB47,5309.176
FDV03,2557.6492
NCN30,1519.9839
NCV54,298.9362
FDV07,1698.1641
FDP07,2834.2908
FDK48,914.4522
FDM15,375.37592
FDY19,3138.5967
FDK46,3901.1782
FDY11,998.18164
FDH09,743.35626
FDO08,4328.649
FDU14,3742.945
FDD22,3090.4773
FDM27,2544.1519
FDL02,2704.3757
NCA17,2434.3828
FDE38,428.52155
NCG07,3100.8848
DRC27,2959.351
FDA27,3435.166
FDW40,2180.117
DRI11,1908.5676
FDN50,1505.8015
FDR12,2473.484
FDT34,2763.0703
FDW11,1012.7657
NCO30,5281.615
FDZ34,3884.7834
FDU45,1837.7516
NCD42,728.9984
FDX25,2884.5889
NCR29,960.0838
FDX43,454.64786
FDB04,196.77602
FDR49,1399.7839
FDS39,1896.195
FDW58,1586.0659
FDG22,108.697815
FDG31,942.6558
NCV53,6561.5933
DRJ37,2443.6204
FDV07,1770.2174
FDW52,2763.428
FDT15,2943.5742
FDD02,1629.8883
FDM16,1114.3572
NCE55,3211.8423
FDB57,3134.1992
FDQ04,707.9947
FDQ47,103.30927
FDY14,853.14465
DRK37,3968.4592
FDO25,3234.8965
FDL57,4488.2017
NCK29,1841.8201
FDK46,6247.595
NCB43,595.6127
DRE01,6247.861
FDC46,2845.9512
FDQ23,1653.304
FDX38,721.1591
FDG60,3315.8003
FDW55,4230.7397
FDP39,755.24084
FDB20,1080.711
FDV21,2099.5967
FDZ02,1501.4191
FDP19,2983.7886
FDA38,3929.3032
FDH22,1987.4331
DRM11,3754.8909
FDO12,5030.139
FDT14,1984.759
FDW34,593.71545
FDG04,4746.0234
FDW59,1205.6356
FDR33,1499.4248
FDP32,2137.6401
FDL13,6856.439
FDD22,1910.0093
FDV40,1901.6772
NCD55,696.3088
FDQ20,124.50911
FDD28,881.43225
FDC39,3421.4734
NCR17,1974.5613
DRO35,1765.0808
FDF40,3992.9336
FDR31,2189.3008
NCQ41,3282.812
FDP38,741.2792
NCU54,5394.3916
FDG22,489.39078
DRK59,3039.547
FDC37,1682.828
NCO42,2355.9968
NCT42,2430.5332
FDX27,1500.9716
FDV40,952.3106
FDT45,1866.9924
FDS47,224.71947
FDR45,6271.519
FDB03,3672.6426
FDO49,816.1889
FDU60,5058.7837
FDB26,624.76495
FDB46,3389.6685
FDQ37,1258.9852
FDN03,4251.1235
NCX30,4001.9731
FDK32,375.37592
DRM47,2787.8613
NCO02,1015.4604
FDP04,1013.59814
NCO43,1814.84
FDD59,1253.0295
FDQ10,3137.8518
FDW45,2581.677
NCK30,4106.0093
FDU31,2962.94
NCQ17,350.46677
FDN01,2774.6675
FDZ19,2873.8337
DRG37,2489.2288
FDE32,531.0942
FDO34,3189.8975
FDM04,137.91277
FDZ25,2891.625
FDU08,1622.1154
NCW30,3764.533
NCM18,1279.8434
FDS22,796.5526
NCH18,4205.2705
FDC23,2913.3481
FDY46,2987.9255
NCU06,3770.049
FDX57,1506.2528
FDX36,5647.8496
FDL16,744.35706
FDT16,1485.2288
FDN16,1409.8677
FDC03,3120.0093
DRF60,4197.0776
FDS27,4739.0522
FDP33,1169.5833
FDJ36,1386.0931
NCR42,642.3393
FDV14,1353.5913
NCP42,3227.1099
FDB50,2447.088
NCC30,4746.1885
FDA23,1384.3994
FDW16,1400.0476
FDQ52,1211.3414
FDB58,2200.3743
NCP29,1018.51483
NCM05,5447.975
FDO25,3362.8132
NCM54,2081.4182
NCL54,2987.9656
FDL39,-302.80707
FDF53,2403.8308
NCQ42,2149.6028
FDF58,921.07874
FDZ04,1083.1705
FDE26,310.95813
FDS60,2403.3298
FDV58,2643.2449
FDM04,742.0333
FDE08,2462.6843
NCB43,3105.9753
FDU11,302.76514
FDF22,810.66064
FDE24,2135.757
DRJ49,2151.0352
NCQ53,5375.15
NCL41,645.4998
FDR22,2007.0477
FDH04,1446.5166
DRH15,856.0408
FDY40,754.62787
NCI17,1562.1174
NCC18,2701.4465
FDY28,5455.3013
FDB45,2684.9185
NCL30,1754.66
FDM10,3071.2588
FDH22,3176.9128
NCZ53,3228.7434
NCI18,3267.9417
FDH14,3306.7024
FDR36,1081.7595
FDW01,2388.2625
FDK02,3053.4854
FDJ02,2138.7913
FDU55,5628.3545
NCV18,2659.9392
FDH14,1793.9045
FDZ37,1358.2474
FDX49,3783.643
NCD43,1638.7872
FDZ07,910.7602
FDK43,2170.302
FDR32,3164.748
FDT39,2391.066
NCV54,2062.6987
FDF38,539.3009
FDV60,2966.0017
FDH44,3935.4
FDS21,900.0798
NCL41,622.5257
FDM46,1471.3431
FDU27,736.4459
NCJ54,3898.658
DRG51,2374.4211
NCA29,426.1477
FDR47,2874.481
NCL19,3227.8406
DRG01,1211.7303
FDG10,911.848
NCV05,2397.6797
NCH18,849.7006
FDV14,1157.789
DRJ23,3154.5774
DRJ11,3213.4185
FDZ03,3093.4573
FDI27,122.93573
FDJ14,1162.8984
FDU32,2112.4229
FDD47,4181.491
DRF36,4020.3083
FDM21,4202.9697
FDV10,533.4982
FDH60,2726.7844
FDX47,390.25162
FDT19,612.73883
FDO11,5614.052
FDH24,4064.1243
FDL02,1374.8956
FDB02,2933.1997
FDA43,3076.8875
FDG52,732.2667
DRC12,2985.934
FDY37,1824.8245
NCU18,2064.996
FDU09,1196.8386
DRJ25,1403.2157
DRE12,1679.1127
DRL47,1855.8785
DRK01,1526.9081
FDC22,474.0765
FDG44,871.4504
FDW04,2198.7214
FDK09,3823.0347
NCN43,2170.8613
FDG04,3216.2385
FDH32,276.15173
DRI47,2521.794
DRE15,1122.4409
FDY11,1058.9855
FDO60,704.0248
FDQ20,534.8181
FDO57,3977.477
FDT14,279.44556
FDA57,683.45197
DRN35,675.43915
FDJ03,739.46405
FDX28,1689.9679
DRE25,1359.5073
FDR09,3853.236
FDB23,4283.2686
FDO08,2590.3552
FDQ23,1644.8295
FDW04,2169.263
DRK13,496.0024
NCL17,3166.2932
FDY21,3122.6277
FDJ38,4557.2026
FDA37,311.3765
FDV43,698.9248
FDL36,1393.6423
FDD53,655.37787
FDZ19,416.52966
FDV21,2021.0018
NCL54,2880.1301
DRI47,3729.9307
DRG03,2451.018
FDG21,3154.381
FDW03,1654.0132
NCI55,2395.1272
DRC36,286.3551
FDH22,2066.028
FDV20,2017.418
NCU41,5515.562
FDN46,2706.2056
FDK50,2610.6228
NCA05,3494.552
DRH01,2605.313
FDT08,2135.8223
FDM08,3211.9265
FDZ07,951.703
FDS22,768.7379
FDV35,3869.5867
FDI28,203.80305
FDW58,2595.5635
FDT52,4110.203
FDY34,2695.0244
FDR10,2616.0496
FDK57,2072.436
FDR02,2612.272
FDX49,3675.3672
FDQ20,678.7701
DRK23,5384.12
NCW06,3040.8704
FDR31,2429.5916
NCE43,2797.2407
DRO59,2225.184
FDN09,3330.1094
FDR11,2512.5637
FDO57,2398.8367
NCX18,3274.1821
FDB05,2880.9646
FDQ08,750.3822
NCG43,1472.0337
FDJ56,1618.8259
FDA13,89.98
FDO56,1937.1185
FDB37,3820.943
FDZ02,1307.3326
FDQ24,4729.3135
FDM16,1067.4381
FDU35,1608.011
FDT35,2853.0686
NCX30,4093.842
FDG04,3265.2375
FDI12,1383.6039
FDE35,1018.9156
NCP14,2749.9595
NCY53,1624.7045
FDP49,906.777
FDQ04,718.2857
FDM39,3397.1016
FDO58,425.2359
FDC56,2054.4224
NCQ54,3480.3206
FDV10,1098.7501
NCK17,678.7701
NCF55,1069.672
FDV33,4079.843
NCH29,259.198
FDA37,3156.36
FDH46,1436.636
FDS25,1746.2029
FDH04,2449.0098
FDX52,3020.9453
NCD42,647.16113
FDW47,2105.2397
FDL25,2712.612
NCJ06,290.28738
FDY09,2966.3809
FDS40,640.21375
FDH41,3381.7993
FDG38,1421.5863
FDU03,4813.337
FDV20,2049.9119
DRB13,3194.3486
NCQ30,2027.3518
NCH06,2834.566
FDU50,1675.9568
NCO42,394.69955
FDW09,1101.7395
FDH04,1401.3761
FDC21,1599.0547
FDL21,690.1896
FDM46,238.92403
FDT22,239.93513
FDB28,3134.6697
FDI12,1217.001
FDA28,2022.0332
FDF59,2086.5469
FDM45,3116.8245
FDQ56,1416.8405
FDR46,2434.7856
FDT01,3256.3167
FDD16,1969.599
NCU30,453.90164
FDM40,364.56744
FDI56,1479.498
NCS30,2139.9805
FDU08,1676.0403
FDX51,5538.323
FDA43,2921.5938
FDX59,122.1637
FDC37,1451.098
FDP58,3261.8562
NCY42,2144.8557
FDF21,2752.5483
FDU10,1066.7212
DRL47,1504.9435
FDA58,2073.549
FDJ22,2780.3806
FDK50,2530.2202
FDO38,1323.7618
DRF60,4111.4937
NCZ42,606.1838
FDD35,1991.8325
FDL25,1362.0983
FDJ16,900.4888
DRK59,3092.451
FDI50,4777.7954
NCB19,1344.5472
DRI37,950.5357
FDA14,3651.758
FDC08,2954.885
FDS45,1886.765
FDI21,1109.4711
DRJ47,2906.5552
DRE37,4744.409
FDT55,2576.2434
NCG42,3201.379
FDA31,2846.7659
NCW42,3302.6003
FDF50,3116.6003
FDK56,3195.771
FDX10,658.1826
NCK07,4074.948
FDZ49,3566.4163
FDR33,1708.0184
FDO44,1474.3096
FDA20,3179.1353
NCL30,2012.7272
FDI05,167.6746
FDQ12,2846.1006
FDH47,1599.7369
FDH34,2811.3618
FDF29,2123.661
FDG40,492.68665
NCE18,4680.9863
FDP21,529.75665
FDY50,1395.0266
FDB36,2315.6147
NCZ29,2085.6685
FDU20,1671.3364
FDO56,1907.2477
FDW31,3099.778
DRH59,1115.0914
NCB30,3212.8303
FDK43,3234.231
FDW43,3842.3328
NCL19,2207.1155
FDJ27,1599.9932
FDC45,2513.241
FDY40,798.0049
NCM41,1461.0479
NCK18,473.4597
FDP37,2122.25
FDA27,5782.798
NCX30,4157.296
FDR09,3926.8962
FDG08,4286.4414
NCU30,2712.582
FDB16,1363.8647
FDM16,1114.2273
FDC48,1254.3104
NCF18,2940.5625
FDU46,1229.9553
FDH41,2906.8433
NCN42,395.07632
FDU49,1445.2922
FDB20,2236.7283
FDG50,240.8202
FDW20,1959.1509
NCO55,1684.3296
FDX48,2388.333
FDU48,2069.258
FDR48,350.46677
FDK27,2103.584
FDT35,2686.444
FDN12,1722.8502
NCE31,104.62913
FDL21,694.37427
FDV56,1710.3821
FDR16,4804.764
NCP41,1649.6578
FDJ27,1614.875
FDA07,2100.3472
FDK55,1373.7726
FDM33,3798.901
FDY46,2958.677
FDD36,1909.0687
FDB12,2621.15
FDF28,308.09085
NCE07,332.64468
FDW50,3762.413
NCW18,4196.4316
NCJ17,229.78563
DRZ24,405.32962
FDS07,2010.4912
NCW05,456.64108
FDZ22,1164.2184
FDK02,1903.611
FDZ45,4952.813
FDL25,1370.4261
FDS08,2540.8125
NCZ42,6243.9355
FDX57,1583.3137
FDF21,3192.927
FDJ56,1374.0674
FDX10,646.3696
DRG48,2446.6829
DRN37,2466.8833
NCY41,488.6531
FDN28,1579.2916
FDE34,3426.73
FDR10,2718.5396
FDC32,1454.9327
DRG13,2585.8506
FDP59,1506.1041
NCT53,462.30136
FDL57,6423.387
FDN32,530.3894
FDK09,2941.496
FDA52,426.84332
FDC57,3039.31
FDI09,3963.2888
NCB07,2943.7512
FDP26,1644.6019
FDP40,3085.277
FDL15,2419.5164
FDV07,1753.8102
FDS03,1075.523
FDE50,2993.6965
FDQ15,1281.8229
FDQ33,357.50735
FDT22,900.4888
DRO35,2135.8345
FDJ41,4140.817
FDQ27,1825.1283
FDC26,1802.522
NCF43,3328.3967
NCR50,3569.9932
FDE39,1686.3275
FDN49,1063.9845
DRG11,1729.1503
NCA18,1932.0797
FDM36,2343.912
FDW32,1379.9701
NCQ18,258.1734
FDX14,2208.5364
FDD46,2379.7744
FDI34,554.50995
NCJ17,1373.9832
FDB52,3183.0276
FDV55,2130.0767
FDC57,2983.57
FDB29,1872.7098
NCO43,1842.2471
FDG44,857.56445
FDJ34,1976.1287
FDH40,1309.0413
NCD07,3100.7202
FDB41,786.10614
FDH47,1295.1504
DRK37,3968.3354
FDM25,450.9461
NCX06,3139.4485
NCS05,2200.1084
FDS39,2098.4792
FDC47,6254.99
FDG20,2587.0342
DRL23,1726.3752
FDY33,3177.3257
NCH18,4059.6543
FDX47,2461.6204
NCB06,2547.5369
FDP36,761.7983
FDW44,2694.6392
NCU41,3168.2795
NCS17,1463.1139
FDD46,2361.6418
FDE45,3431.2136
FDI09,3844.5417
NCJ54,629.7212
NCA29,2697.6494
NCN41,3241.805
FDY34,2814.273
NCG55,1959.2473
DRM49,712.1635
NCB42,1935.4093
FDE58,1836.9211
DRJ25,826.93665
FDS47,214.22359
FDY21,3183.3762
NCI54,1758.7668
FDO24,2553.4622
FDY43,2847.0706
FDF35,1414.5426
NCP29,151.57823
FDN28,2540.1785
FDJ50,637.0423
FDQ14,3666.0505
FDC37,1767.8783
FDN08,1922.6846
FDD04,2236.003
FDW34,3120.6106
FDP04,1050.2903
NCG07,3103.4343
NCN14,2701.9316
FDJ16,886.6028
NCM42,1642.3466
NCF19,746.3453
FDY21,2793.6597
FDY19,1955.79
FDV09,2401.7368
FDA28,2135.7698
FDC38,1790.9078
FDL28,2947.378
NCH43,2832.016
NCN53,630.6002
NCW05,2025.3083
NCO30,2679.858
FDT04,104.62913
FDB27,2929.3643
NCK07,2732.216
NCA53,760.7406
FDB33,2400.5994
FDU37,1362.1858
FDR13,1975.1807
FDE45,3417.0977
FDV37,2962.4973
FDX44,235.9171
NCL06,4123.398
FDJ28,3024.3186
FDX55,3612.2273
NCK17,529.07324
FDH52,1002.7007
FDN13,2737.6882
FDK44,2253.5134
FDU16,1299.5739
FDZ07,928.334
NCN06,4106.696
FDH02,221.18382
NCW18,4105.7495
FDH57,2108.7737
FDV35,2343.8772
NCU29,2430.1829
NCP02,909.5497
FDN44,2644.5857
FDX03,538.39026
FDR11,430.05515
FDA36,3051.3848
FDP58,5245.6855
FDH31,1496.6079
FDH34,3194.3562
FDS13,4010.319
FDT01,3153.7358
FDY09,2992.31
FDV33,6026.6133
NCW29,297.3254
NCN17,1629.1755
FDX01,1909.0687
FDL03,3256.5842
DRL59,913.7079
DRM11,5603.9233
FDA43,3188.8503
FDZ56,597.5327
FDI44,1081.848
FDB50,1246.6271
FDU15,108.697815
NCJ19,178.6595
FDD48,1908.5676
NCW42,3610.1807
FDL24,3210.8918
NCB30,3143.5261
FDK25,3088.251
FDW28,3173.5962
FDD47,2930.7761
FDK16,250.4525
FDW37,1406.9451
FDA48,3515.809
FDA14,2438.0312
FDV15,1734.6162
FDN22,3790.48
NCD55,687.2963
FDY43,2763.69
NCU05,1376.045
FDF10,2426.024
FDR39,2718.8452
FDG40,642.3393
FDZ28,311.3765
FDE02,1395.1409
FDU60,3382.1052
FDM21,4296.768
FDV52,300.4016
NCW06,3073.9875
FDX36,3750.8708
FDT35,4405.8086
NCL19,309.86523
NCD31,2681.8767
FDE53,289.27695
FDW58,273.9123
DRF48,3062.1714
FDW57,2835.8755
DRH13,1703.6406
FDT33,2768.5667
DRK47,5110.809
FDY22,297.64798
FDC35,392.57404
FDO03,4164.7373
FDF24,1239.4076
FDF56,3083.6523
FDD28,895.31824
FDG53,3255.934
FDO27,256.8152
NCF54,2521.9456
FDC20,1863.0682
FDU10,661.4892
DRA24,2369.2869
FDA02,360.44363
FDG10,914.5976
FDW39,479.07608
FDP04,159.43391
NCM55,3099.8784
FDG47,4035.011
NCU41,3501.944
NCK31,793.7111
FDZ46,1648.8607
FDU13,3503.7861
NCF19,732.2667
NCJ43,2869.8738
NCJ05,2342.1838
FDS04,3203.392
FDX28,292.2945
FDB41,1157.7491
FDG53,2088.23
FDL15,367.44324
FDQ08,930.2863
DRN36,1513.4824
FDI46,2954.8975
FDG16,5256.9414
FDV32,929.04486
FDF44,521.5354
FDK04,728.19946
NCA41,3161.7634
FDD51,692.84656
NCZ53,3032.2336
FDP01,3761.1768
FDY25,3941.2136
FDB17,2668.725
NCV54,1714.6901
FDJ32,1052.2379
FDA37,2068.0415
FDG35,3226.6785
NCM05,5122.492
FDG45,3801.1223
FDH28,671.5218
NCE18,4538.015
FDH38,1943.0118
FDR56,3350.229
FDH17,2487.0417
FDD39,3383.5137
FDB41,762.17035
NCR53,3427.9368
FDX46,921.0753
FDV28,647.26575
FDA08,2360.8647
FDH45,708.1745
NCS38,131.70688
FDD40,580.06537
DRM59,2382.3818
NCJ43,2803.6746
NCN29,760.7406
NCC19,2827.104
FDR56,3436.256
FDZ43,4882.5693
FDJ32,160.5337
DRH03,1397.3031
NCZ54,3286.5066
FDE26,2456.6362
FDS03,1014.84924
DRZ24,412.63907
FDO48,5534.699
FDW39,2898.9424
NCK05,922.2709
NCK30,3969.9153
FDT27,3073.6555
FDS08,308.2271
NCJ19,931.8786
FDC58,731.7376
DRE37,3036.5334
FDW02,2189.638
FDJ02,362.61755
FDX09,3576.114
FDT31,500.85254
FDI24,3147.2405
FDY09,3091.543
FDV28,654.3316
DRM47,3201.1545
FDT52,628.6471
FDI48,685.0939
FDY55,6563.5986
FDU48,2108.8608
FDN25,865.814
FDP20,2077.0195
FDJ15,4707.8213
FDD04,1791.5426
FDY58,4079.2944
FDR37,3820.491
FDF44,2399.6865
FDD32,1281.4689
FDR57,2464.1416
DRG39,1813.2943
FDX15,2163.767
DRN37,2359.8318
FDW40,3548.6587
FDB32,1409.2407
FDM40,1852.0095
FDE39,2963.4443
DRH49,1353.8566
FDT46,757.6184
NCF06,3278.312
FDP07,2828.678
FDC04,3928.8577
FDZ32,1691.9232
FDD50,2717.159
FDU56,3153.7554
FDV34,1109.631
NCY41,641.4663
NCK18,2698.6099
DRH25,866.62286
FDT57,3730.99
FDV56,1398.6173
FDV12,1548.9254
FDN52,1419.167
FDX38,785.4128
FDE47,1763.5704
NCO07,3529.8264
FDV09,3717.122
FDZ23,520.34344
DRH51,1171.6561
NCY54,2764.8477
DRG49,4573.4355
NCC19,3172.9324
NCV53,4202.625
FDZ47,291.588
NCO26,1645.2095
NCP02,898.0107
NCW30,3152.6775
NCN55,4308.594
FDB20,207.47737
DRL11,2519.1885
DRD60,2932.1108
FDW14,220.11324
FDL27,167.10036
FDU09,972.4936
DRH36,1967.3577
FDP34,3804.211
FDE04,3052.5054
FDZ57,3204.7698
FDF02,253.26831
FDG28,3764.8464
NCI31,617.29645
FDT43,773.2513
FDU20,2065.901
FDD53,693.6088
FDW15,2392.9531
NCT53,2582.983
NCG55,2974.7402
FDD48,1980.621
FDG47,4081.032
FDI21,1107.7678
FDT27,3768.1565
DRO35,2076.0552
FDD33,3960.643
FDC04,3966.0203
FDY34,2768.9653
DRJ49,2108.2805
FDE05,2405.0708
FDU31,3609.4082
NCN19,5115.665
FDK56,5223.534
FDK58,1688.1943
NCJ42,1732.8868
FDZ34,5757.8247
FDA52,2994.4678
NCR29,890.25214
FDT48,2931.858
DRJ51,387.49783
NCS54,3465.6516
FDV01,2570.6572
DRG51,3906.0984
NCG42,2112.5896
FDA51,1860.3511
FDV19,590.7086
NCT18,3035.81
NCS41,2950.948
FDO03,3791.7087
FDL12,135.8484
FDY37,365.52103
FDI58,1403.5957
FDT28,2111.625
NCC42,301.73087
FDO01,2022.8105
FDJ02,2431.1343
FDQ04,548.77997
DRL47,1844.1123
FDZ32,1700.6093
FDC35,3328.2998
FDX14,1113.9836
FDZ35,1669.7013
FDL14,2443.5994
FDO04,908.5531
DRK11,2479.394
FDB44,2933.1245
FDZ50,3144.5564
FDI12,2542.6294
FDU43,3401.3687
FDD58,253.96085
FDB27,3161.8066
FDB04,1166.7424
NCO17,1973.0417
FDL12,918.73553
DRJ13,2597.4976
FDD57,1474.1632
FDW19,1752.4326
DRD27,1406.9669
FDH27,3708.6365
NCW30,6079.388
FDR40,1094.266
FDG05,2419.014
NCY41,108.506615
FDI38,4105.9897
FDR20,667.4505
FDE09,1705.882
FDN50,257.87817
DRF27,2494.3638
DRF51,652.1503
NCO02,155.4557
FDB51,1721.012
FDJ50,869.44745
FDN52,1354.0529
FDX14,1180.3585
FDT27,529.4705
FDV10,692.71295
FDU33,753.2472
FDU58,2983.9492
NCP42,5395.447
FDL51,5126.8633
DRH15,1167.7548
FDU16,1395.4037
FDW15,2453.6284
FDQ44,2007.4501
NCI06,5040.8145
DRK23,1497.6543
FDC28,1749.1484
NCY17,135.28893
NCV05,2125.6062
FDM34,309.8137
DRD60,5499.066
FDT38,1303.8195
FDQ57,2230.691
FDE59,1048.2034
NCM43,2667.396
DRI51,3036.5073
NCG30,2101.761
NCK54,1988.9281
FDQ16,295.1829
FDI36,3082.9124
FDX16,3655.0762
FDA34,3325.462
FDJ48,3226.8523
FDU47,2117.8855
FDS39,2145.6006
FDD11,3409.606
FDM16,1887.2992
FDU56,2829.8962
FDQ32,2101.2815
DRK35,671.70465
FDA58,2765.8252
DRG48,379.62234
FDT59,615.9829
FDQ31,237.88283
FDS51,854.09283
FDW32,2440.7112
FDI15,3814.7625
NCV30,932.3824
DRG25,4655.8545
FDT02,636.6489
FDO33,3050.9355
FDP38,844.2346
FDZ45,3192.5642
NCA54,4875.154
FDU33,769.72614
FDN58,5274.09
FDI05,1101.5792
FDM57,215.85393
NCS42,2543.9624
FDB57,3563.2593
FDC03,2992.5144
FDZ58,2029.1854
NCK29,2012.8296
NCR53,3506.043
FDE26,3714.4338
FDU52,2313.7048
FDE41,2254.1707
FDU38,2882.7344
FDA52,2816.0854
FDW46,1014.14044
DRI59,3877.735
FDT38,1375.8628
FDL33,2744.562
FDQ01,6264.5435
FDJ08,3048.519
FDQ47,637.1815
NCZ18,4818.7915
FDE29,936.78986
FDF10,3318.828
FDC48,1326.4795
FDY58,4292.8413
NCX30,744.82666
FDV11,2818.776
FDT46,746.3453
DRD01,143.97322
FDQ11,3122.4314
NCM41,1439.9343
NCC55,645.4998
FDG45,6011.1
NCQ54,3572.8923
FDM34,2046.4995
FDD17,680.34937
FDN38,6622.669
FDB53,2203.167
NCL06,4099.2095
NCV18,406.03915
FDX25,3217.588
FDB39,878.863
FDC33,3193.5408
NCO14,543.74365
FDA58,5298.987
NCQ02,3260.6477
NCR53,3669.8167
FDN52,1360.845
FDG26,3788.3289
FDE23,1335.4331
DRI37,895.07715
DRH37,2476.3813
FDO01,2106.6843
FDK45,1847.3779
FDP23,3408.7292
FDM33,3814.8022
FDD36,2114.544
FDL56,1393.0739
FDT27,457.0096
FDG52,704.32385
NCL42,4303.4243
DRJ24,2995.9297
FDV38,823.6733
FDT35,2689.4412
FDY51,3188.8723
FDC37,1729.4247
NCP43,2917.966
FDO33,1721.4257
FDW04,1863.9958
NCC31,2365.92
FDK22,3363.6191
FDJ50,923.2567
FDV13,1444.1201
DRL60,2441.5454
FDW03,1878.7451
FDY27,2316.2048
FDB39,1795.4325
FDU59,2485.4973
FDZ57,2019.7279
FDO21,2865.3457
FDS43,2856.0466
FDU28,233.20941
FDC51,317.84308
FDW16,219.57103
FDP32,282.23364
FDB60,515.80566
NCQ30,2000.5763
FDD26,3215.6821
FDI44,1219.5161
DRH23,891.44214
FDO44,1684.7239
FDG04,3130.385
FDM32,2538.929
FDM09,2763.061
FDZ47,1546.2126
FDM40,3100.9539
FDY48,1667.5068
NCM30,664.46747
FDX36,550.80225
DRF03,658.7566
FDN51,4074.9849
FDM57,1346.4124
FDB35,1455.3375
FDY13,2374.6797
FDA37,2105.6243
NCX53,2204.5007
FDD59,1101.4755
FDX10,103.30927
FDC03,2709.978
FDW43,3788.097
FDW10,2760.3584
FDY14,6632.43
FDV43,675.9507
FDO40,2427.6572
FDP46,2513.6226
NCE43,445.99612
FDD05,2157.0715
FDJ60,426.5999
DRE27,1259.5388
FDO11,5589.928
DRG11,2680.6755
FDK33,546.25195
DRM23,2749.6216
FDJ02,3845.8792
NCZ05,1596.6458
NCL30,2084.8242
FDZ19,2606.688
FDM45,2107.743
FDO36,2859.055
NCK31,749.1559
DRJ37,2359.6116
FDP24,1696.499
FDF46,1919.8219
FDX46,145.35136
NCL18,2885.9167
FDJ26,2957.5732
FDJ07,1886.9076
FDY15,2349.485
DRG01,1098.9641
FDF58,1006.8823
FDZ14,280.0093
FDP31,911.8668
FDH45,697.8835
FDA09,997.75256
FDW31,3172.763
FDA57,680.651
NCE55,3265.8667
FDC17,954.3877
FDC59,1015.45447
FDA22,2802.504
FDK52,4311.154
NCM26,2361.2595
NCT53,2770.9512
FDW45,2244.07
NCI18,3091.365
FDE38,2351.914
FDF08,237.88283
FDY58,992.7647
FDF58,166.6043
FDX39,3685.0337
FDB44,3486.1694
FDF28,2097.859
FDE39,1881.0522
FDT37,3446.3347
FDZ45,3215.0657
FDO40,2490.2612
FDM57,2309.606
DRG36,2874.806
FDY36,173.88869
DRL60,3669.8936
FDS25,289.79437
DRF49,3133.1182
FDP16,4998.7007
FDS60,2331.435
FDU15,1081.2936
FDK43,2075.2068
FDN25,879.8926
FDE53,1647.2491
FDB22,2428.499
FDE39,2025.4655
FDX35,3836.505
NCG54,2898.6604
FDH27,2444.725
NCK42,3439.8918
FDS25,1671.123
FDI10,2630.1448
FDU35,1691.7208
FDI04,3195.559
DRK23,5528.4443
FDB53,358.05972
FDY02,3960.411
FDM60,729.20526
NCJ31,538.3622
DRP35,2119.0623
NCQ30,1778.9785
DRL11,429.83807
FDU01,3052.8389
FDR39,2943.4995
FDO08,2585.7297
FDC02,5368.592
NCZ29,2135.359
FDF29,301.53397
FDZ23,3109.4602
NCU53,2463.1511
NCW30,4133.4434
NCM26,3790.921
FDV50,3094.8162
FDW15,2445.6938
FDI35,5168.99
FDO11,5607.8804
FDN48,1393.6423
NCA17,2298.7695
NCN54,1222.9357
FDP22,759.0915
NCB54,2122.0469
FDD08,627.80585
DRM48,159.87447
FDG41,2967.5974
FDE44,1414.5167
FDE26,2433.6226
NCS38,1810.3444
NCJ54,3279.1306
FDI40,272.4156
FDN45,3083.3354
FDU43,3208.937
FDI04,509.6226
NCC07,1385.664
NCC07,293.00577
NCD18,4106.8438
FDU55,5684.456
FDX59,706.06696
FDR52,3168.2983
NCP17,1004.9958
FDQ32,2027.4703
NCT17,3403.2834
FDO10,910.9638
FDE32,590.2406
FDN44,2630.818
FDH02,1464.3434
FDK60,1615.8395
FDS24,235.82008
FDL03,556.78986
FDB46,5216.3438
FDO48,3766.9514
FDZ39,1650.6797
FDT02,1006.5957
FDC50,1460.7291
FDP39,826.8945
DRG15,815.894
FDP10,1389.1167
FDF53,5366.6934
FDN34,2913.482
FDK02,2005.0759
FDC23,2829.4749
FDJ10,308.42767
FDE53,1745.8066
FDR25,5324.3154
FDW50,2305.1912
FDS09,755.8669
FDW49,266.28226
FDU51,3366.4368
FDF28,1767.6946
NCY30,2606.0046
FDD44,5011.3086
FDX09,3575.5679
NCF30,2091.1328
FDZ50,513.15955
FDW37,1379.954
FDD11,3571.6106
DRH39,972.35034
FDA36,3117.819
NCG43,1381.9907
FDF02,1707.1188
FDP57,2403.63
NCE42,3857.1382
NCR38,6027.445
FDP03,313.5352
FDO51,743.69354
NCQ42,2048.9507
NCM41,1368.163
FDH48,2258.122
DRF60,3727.5435
FDJ27,1653.342
FDQ14,2374.2402
FDN27,1866.7615
NCQ02,3076.0237
FDJ33,2113.7537
FDP07,4816.2144
DRE01,3749.383
FDU36,1583.8921
FDL28,3008.3044
NCX53,2110.6875
FDZ39,1653.7809
NCP42,3165.4753
FDJ14,1302.9661
FDK04,906.78394
NCC19,3000.5168
FDS09,624.94824
FDZ02,1621.4413
FDD35,1775.6368
NCY42,2453.9175
FDB05,3186.5952
FDF20,3280.4001
NCO41,1335.4241
FDC40,2150.5647
FDV58,2464.6506
FDZ57,1920.0947
DRM35,3260.9229
DRN36,1286.9966
FDQ13,1315.2062
DRO35,413.4907
NCD43,1692.5355
FDA51,1557.7794
NCX17,6390.9355
NCZ17,780.7133
FDR11,3841.453
FDW34,4056.9468
FDN50,1490.2134
FDS09,748.31104
FDS48,2138.6514
FDL44,2710.449
DRF48,2726.4402
FDA14,2181.993
NCD30,1512.133
FDI16,813.6295
NCG06,3279.685
DRZ24,2162.3354
NCS17,1432.2363
FDB37,4375.2363
FDE10,2125.0652
FDC57,2828.2764
FDM12,2649.703
FDE24,2165.2654
FDW22,3405.8782
DRD01,1603.442
NCZ18,6632.6846
FDN49,643.5109
FDR22,2280.574
FDV08,135.28893
FDY39,3488.203
FDV36,2097.8809
FDO60,678.6731
FDU04,3254.427
FDR20,1310.6412
FDW19,293.863
FDU40,2751.799
FDK15,1480.105
DRF15,2376.2585
FDQ25,2847.5703
FDI48,148.93614
FDS49,1235.7433
FDV22,2634.832
NCV42,1694.3502
FDX26,3172.14
FDI33,1328.7864
FDZ14,2016.0233
FDG10,897.6166
FDM38,624.3563
FDG26,6114.287
FDH46,1679.3987
FDN13,1344.1528
FDU57,2407.9739
NCI06,3341.454
FDM38,850.16943
NCG42,284.46585
FDL39,2185.0093
FDT31,541.252
FDV59,3336.1067
FDB49,1657.1482
FDD58,1619.286
DRN59,746.3453
FDX48,2379.091
FDQ11,3252.1338
FDY12,858.12756
FDQ11,3092.3418
DRI11,1942.1674
FDY32,4133.6235
FDS51,892.9446
FDR19,352.00867
DRB13,2959.9536
FDS21,1056.3782
FDQ40,2841.0977
NCE55,3241.3267
FDX43,4128.054
FDS12,2083.9365
DRK01,2514.0325
FDN25,906.777
FDB60,3054.8389
FDQ13,1360.9136
DRK13,3013.749
DRF25,551.22986
NCD42,133.11153
FDW25,1401.91
NCV29,5029.1865
NCK42,3551.183
DRJ13,4043.1074
DRD15,3809.502
FDM27,2438.496
FDZ50,2769.3704
FDC04,3721.9978
FDF50,3296.1992
FDP15,4051.4119
FDK46,4184.6553
FDZ56,2500.441
FDY60,2193.2107
FDB10,3956.1091
FDR57,2402.8198
FDU58,3018.9517
FDH02,1394.9734
FDP48,3798.6094
FDI46,3041.6418
FDW56,4654.525
NCM19,457.0006
FDS50,5216.761
FDK24,708.12885
FDO36,2922.3547
FDK45,2908.4973
NCL05,690.1482
FDL32,1585.1387
FDA28,2086.3257
FDY36,965.13916
FDP32,1827.6162
FDL50,2040.819
DRC24,2428.246
NCS18,1693.2432
FDD16,1167.2241
NCV18,1910.261
FDX07,3054.2566
NCZ05,2683.2073
NCI31,652.37445
FDK14,1321.8794
NCR06,731.7376
NCF54,2846.5916
DRG23,179.62622
FDD53,681.10376
NCM31,3264.343
FDT16,4982.3013
FDR40,1291.5636
DRG25,4635.605
FDT10,962.8117
FDY32,2595.3235
FDN50,1541.4525
FDZ35,291.68594
NCP54,2016.0989
NCD07,1821.9418
FDS02,3240.6453
DRN59,614.9984
DRB24,2727.073
FDP37,3196.035
DRB01,1998.9442
FDR47,3019.5945
NCM31,277.8876
NCF06,5556.584
NCV17,3207.5996
FDS10,2814.2305
FDN52,1364.1132
FDZ48,1934.6345
FDJ48,3977.955
DRB13,4690.4414
FDV59,3434.2026
FDL32,1757.3372
FDZ12,2190.438
NCR06,1051.2839
FDP51,2048.9631
FDY22,2133.0515
FDZ38,3536.0295
NCO54,981.22485
FDR23,3001.228
FDM38,878.7398
FDS25,1763.7247
FDZ22,1310.4136
FDZ20,955.9964
FDD45,243.6009
FDN03,3864.548
NCW30,3739.5085
FDY24,1846.2518
FDJ26,211.7576
FDM15,2461.0813
NCW54,1834.9213
FDA23,1561.7408
FDA39,127.65378
FDZ12,2430.6016
NCB42,1903.611
FDL16,742.2766
FDO24,455.38467
NCP42,3061.1382
FDR19,2138.3289
DRL01,4652.2544
FDV37,2617.9177
FDI41,615.0738
FDF58,932.5443
NCF43,1808.7784
FDN02,3470.5388
NCP41,1749.3232
NCY17,1181.5784
FDL58,4424.8877
NCA30,5082.522
FDE46,1579.6344
FDY38,3751.2715
NCH29,2529.3337
FDO20,3639.4658
FDP44,1406.0175
FDM02,2589.1401
FDJ14,2307.511
FDH04,232.52824
DRK23,5341.189
NCW05,1976.8268
FDF12,2424.6545
FDL51,334.77493
FDN03,3442.167
DRJ37,2391.71
FDM12,370.98105
FDA16,3667.3577
NCB07,3063.6418
NCI17,258.135
FDR51,2355.182
FDJ55,4073.07
NCZ17,791.571
FDU25,908.19635
NCG18,1619.6392
DRM11,3878.2422
FDH16,1461.3525
FDZ04,744.77814
NCX53,2218.7256
FDX38,1309.7086
FDX09,3566.7239
NCW05,1746.9817
NCS41,3154.0603
FDI26,2770.656
NCZ41,3222.0645
NCK06,2099.9807
FDX23,2467.5374
NCA42,2560.2107
FDC20,917.7414
DRC49,2121.6924
FDX01,1935.8441
FDC08,3319.2747
FDC02,5650.251
FDK10,2088.2056
DRC24,2436.0508
FDW16,242.9695
NCU06,3136.5408
DRA59,2689.061
FDR24,237.88283
DRL35,536.28436
FDA49,1327.0277
NCC55,636.60425
DRD24,308.6993
NCE55,3363.8562
FDT33,3012.6257
NCT53,2584.2676
FDS26,4442.716
FDL22,1234.9485
FDP44,1684.3441
FDC52,2186.8306
FDI53,395.92184
FDZ23,3020.9375
NCT18,3163.3801
FDR13,1879.5728
FDB09,301.578
FDZ60,1609.3558
FDB11,3869.9937
FDC10,1709.6412
FDW56,4760.174
FDK14,2358.1604
DRE27,2650.2478
FDA38,3886.4688
FDT11,2834.3044
FDP15,4267.703
FDV27,1398.7462
FDS36,2754.782
FDY40,1427.6202
NCF19,757.6184
FDF53,2868.5486
FDS14,3841.5037
FDE56,1001.23926
FDZ19,2846.26
FDZ46,1780.9229
FDR16,4900.9087
FDG29,532.84216
NCE30,2616.4558
FDZ40,858.6825
FDG58,2231.4297
DRH03,1449.5526
FDZ47,1452.5929
FDV04,2050.4897
FDZ10,1758.3889
FDG46,2171.825
NCF07,1565.4697
FDY44,3379.2437
FDB21,4303.168
FDS20,3382.4167
FDS49,1243.6923
FDX55,5448.1616
NCQ02,2881.4553
FDR25,4245.2847
DRG39,864.7844
FDB46,3296.872
NCC30,2672.5955
FDE58,2076.188
FDC05,542.37146
FDY15,2437.4336
FDG14,2575.284
FDL08,3247.7798
FDQ47,633.5554
FDN12,1694.1033
FDW10,2694.4932
FDD02,1983.6127
FDX35,573.63116
FDT35,2687.918
DRN47,482.8504
FDB11,874.8348
FDN20,2684.584
FDB59,2972.2
FDJ58,2814.7336
FDU60,3341.5178
FDS03,1015.2166
FDU40,515.80566
DRH15,795.6167
FDD04,3669.1792
FDQ01,3856.2239
FDF28,2118.3113
FDD22,342.32922
FDY19,1873.1434
FDN33,1421.429
FDV36,2175.276
FDW01,367.7967
FDJ28,3213.0776
FDB17,3041.3276
FDM40,2104.9043
FDV46,2144.9912
FDQ44,2029.0677
NCD42,643.35065
DRH37,2557.9194
FDR10,2494.8472
NCD06,1150.7489
FDI53,2520.6035
FDG16,3320.277
DRB25,1630.8239
FDY09,2877.922
FDX48,2388.033
FDC03,507.6695
FDT47,1668.2959
FDW44,4414.785
FDT24,1290.7562
FDT12,339.0719
NCS38,1824.368
FDO39,3346.2332
FDA13,690.15546
FDO48,3615.8967
DRJ01,1954.6421
FDD53,517.4046
NCT05,3721.0896
FDQ51,782.3121
FDU60,3393.455
FDC59,928.8721
FDP36,798.0049
NCM19,2068.0852
FDL16,725.015
FDE50,2601.031
NCR18,715.1624
NCD30,1613.2001
FDH31,1633.4764
FDD56,644.05084
FDC47,4807.752
FDZ21,1425.7946
FDM01,1680.7465
FDF24,1313.9968
FDW23,694.8696
FDY52,743.60345
DRH37,4076.4355
DRO47,3090.4773
FDR25,4204.5225
FDQ24,6956.7856
DRJ51,3015.5356
NCU06,3996.4922
NCV18,1668.0449
NCC06,2933.512
FDZ01,1418.1967
FDT14,2031.8276
FDD11,277.6363
FDN09,3298.0688
NCO18,627.13904
FDZ50,2965.6223
FDS44,4278.774
FDI36,2923.1096
FDA26,581.0135
NCY53,1814.979
FDF32,3191.486
FDF59,300.6961
FDB20,1197.1987
DRH11,971.6753
FDT03,2348.848
NCH06,3028.3975
FDR55,3099.3252
FDI10,2878.579
FDZ12,2106.5032
FDM12,2998.5999
DRB25,1594.4044
NCS41,3234.0586
NCT53,2713.733
NCD55,687.94226
FDY08,2109.5947
NCP55,912.2837
FDA33,2407.3726
FDQ33,2429.166
FDE45,5142.992
FDT26,2034.1556
NCV53,4304.33
FDK60,2527.5508
NCJ29,1310.6061
FDI15,4807.1157
FDX21,1734.8982
FDV49,585.1573
DRO59,1227.3915
FDZ14,1977.4834
FDP32,3396.35
FDC33,3143.7466
FDT14,261.12653
NCN54,2176.4014
FDR57,4110.2095
DRK12,625.4876
FDX52,3112.6924
FDX08,466.87
FDP10,259.07935
NCP50,1223.6783
NCL06,3975.83
FDP25,3661.6533
FDE53,1664.5466
FDL27,1065.2507
FDC35,3266.6746
DRJ47,467.81805
FDD16,1033.7142
NCN42,2452.9424
FDC38,3225.9207
NCO07,3333.9019
FDQ20,691.11115
FDI32,1996.9413
FDN20,423.06024
DRJ51,6370.2373
FDU08,1486.9705
DRN37,172.41574
FDD05,301.94305
FDW15,2393.2532
FDI52,2055.118
DRM11,3740.427
NCO06,612.66425
FDU38,3314.7263
FDU59,2293.5054
FDJ10,2164.8186
FDM13,2051.7744
NCJ30,414.22842
FDM45,1752.3191
FDP36,731.1301
NCD30,237.91858
FDN48,1473.5269
FDY32,2619.7246
FDU47,2083.266
FDF17,540.0425
FDP34,2644.332
FDA47,2657.1594
DRD27,2503.761
FDW38,903.84
FDZ15,288.56284
FDZ03,5034.8364
NCN19,3188.2317
FDG02,3242.945
FDS31,3522.9016
FDW43,682.26044
FDZ47,210.49557
FDO57,2279.4375
NCL07,676.9848
NCV42,1745.1316
FDP40,1890.6674
FDP48,946.49634
FDH21,2876.5005
NCP02,913.8593
FDK24,763.11816
FDC41,1106.376
FDF08,1390.0602
FDO49,768.69806
FDS56,6722.3135
FDX46,743.45825
FDQ07,3347.7893
FDC32,212.36809
FDT21,649.09033
FDG58,2366.7266
FDW14,1308.7299
DRA12,3257.4216
FDV27,1379.7722
DRD25,1804.3468
DRF48,5361.7896
FDX24,1447.6787
DRJ51,3417.8838
FDE45,3400.7803
FDE14,1610.4216
FDG53,2052.5312
FDT08,2376.0977
DRC27,5317.967
FDG20,2599.1467
FDC21,1645.3265
FDV31,2630.4412
FDB58,2106.0251
FDV23,2035.6841
FDA25,291.24277
FDC15,2438.72
FDU47,2116.949
FDE23,742.7818
FDS08,2586.015
FDW03,2610.624
FDJ60,2345.191
FDM34,2129.6333
FDW33,1661.0851
FDZ40,895.31824
FDE33,1085.6633
NCC06,416.2634
FDU11,2028.979
FDL44,2723.7249
NCZ29,2114.2456
FDG28,341.62875
FDL12,735.0921
FDD52,1634.7306
FDO15,1068.9042
NCN29,1314.6365
FDW36,1655.9146
FDB21,4295.8745
FDZ28,2124.4778
FDY10,1956.6764
DRG39,868.9192
FDN28,1638.5604
FDV15,1753.0027
DRI13,3535.9683
FDH20,1525.3633
FDY51,3442.148
FDE16,3494.2014
FDX40,506.2978
FDC48,1102.7563
FDS14,2401.1455
FDX56,3849.2666
FDI10,2794.2786
FDI14,2128.3584
DRM48,704.0308
NCH07,4068.05
FDY26,4203.981
FDD02,2983.5608
FDM12,2942.8599
DRF01,332.45468
FDV36,2066.0828
DRI59,3751.8547
FDV03,2308.599
FDO39,3682.0837
NCB07,2770.9658
FDH38,3010.7126
FDZ13,763.5502
NCZ30,2080.6228
NCA06,662.12317
FDB04,1308.7299
FDN50,1422.7264
NCG06,3309.7026
NCY17,534.9686
FDC23,2803.6118
FDK33,3450.5386
FDR03,3760.459
FDZ07,1000.24664
FDO38,1210.229
FDS59,1645.3265
DRM11,500.5212
FDX52,5295.782
DRJ35,735.27496
NCP53,3770.647
FDW15,375.37592
DRI47,2419.148
DRZ11,2072.7698
FDS02,3056.617
DRD49,3359.9182
FDW38,922.85254
FDR21,486.71448
FDE40,1002.47205
FDI02,1769.9906
FDQ04,642.4526
FDY14,4774.815
NCT54,1510.1138
DRD25,1837.9465
DRE01,3891.3718
FDJ12,611.4791
NCZ05,1677.7994
DRB25,291.18445
NCC31,2573.4043
FDM16,1181.8003
DRG11,1696.0863
FDV24,3663.5525
FDV43,690.02924
FDG05,2102.554
FDV23,356.87933
FDI58,1233.9332
FDQ11,3446.595
FDC05,5301.0615
FDF40,4154.263
FDU02,3300.2483
FDT32,2992.6162
NCF06,3241.764
FDT46,771.8271
FDR58,235.23164
FDY04,2599.1665
FDT58,2722.7075
FDE46,1890.3817
DRH11,929.09717
DRI51,3041.5493
FDC35,3226.8945
FDP45,3365.0076
FDC45,2817.1448
FDU01,2968.0132
FDJ53,297.3162
FDJ46,2832.6865
FDX07,3065.4973
NCI30,3746.1992
FDE47,3225.0583
FDV48,1272.4579
FDN16,291.24277
FDM52,2457.2366
FDA32,5320.8257
FDH05,3856.42
FDW25,230.32002
FDQ09,1910.995
NCM17,222.66228
DRM59,2387.1326
FDV47,2276.9316
DRE15,1206.5286
FDS25,294.6753
NCZ05,1411.1876
NCV05,367.39978
DRM37,3560.0212
FDV58,5264.3394
FDN22,6696.556
NCO06,630.8238
FDT56,137.99706
FDM02,1369.9318
FDA09,2859.501
NCC06,2417.466
NCL54,2920.3838
NCB55,923.2533
FDB12,1693.3649
NCA54,3046.5024
NCS38,1819.3059
FDC02,5594.925
FDK44,154.88567
FDE16,3686.0547
NCS05,2230.6382
FDZ59,2931.9253
FDI20,3973.4468
FDQ14,2334.6375
FDF53,2800.061
FDW25,1470.6658
NCQ43,259.07935
FDX52,3100.8418
FDE28,3838.5854
FDN15,2208.5396
FDO28,2123.7932
FDQ33,2389.2632
FDM22,142.06572
FDJ03,755.2621
FDI16,892.2027
FDI09,6301.1025
FDX55,3466.243
FDS23,3176.9128
DRC12,2855.3188
FDH41,3531.164
FDN01,2894.1252
FDV55,2382.5168
NCJ19,928.7376
NCY29,140.01314
FDP03,1852.9729
FDZ52,1645.492
FDH31,278.17456
FDQ19,3836.3096
FDS15,1959.9109
FDN32,3338.1472
FDH32,1605.0122
FDF33,1766.1735
FDJ22,2658.6992
FDG56,238.1573
FDC05,3066.8748
FDK09,3719.6118
NCV29,2925.5293
NCC43,-273.70145
NCA42,2429.6748
FDC10,1876.7434
FDC16,1358.8091
NCL17,2120.6292
FDA51,1879.7787
FDW01,2448.9377
NCF30,2019.0361
FDN49,678.1324
FDY20,1339.1663
FDC15,2410.106
FDY24,992.8662
NCG43,1539.1047
FDA48,3590.3218
NCF55,672.9902
FDL38,1386.75
NCQ29,3124.705
FDC34,2882.599
FDP36,1313.3165
FDN50,227.70525
FDO23,1460.5934
FDT56,895.1354
FDT13,5205.2754
FDZ03,3070.8867
FDQ03,-117.856316
FDU44,2797.8118
FDD03,3119.8757
NCH30,1763.195
FDS60,369.86682
FDG08,2793.2764
FDX38,755.2621
FDD22,1943.609
FDW51,3260.8486
FDL09,2707.4805
FDZ60,1540.9229
NCH07,2556.7034
NCQ41,3293.9011
FDW04,2137.4219
FDI08,6148.1245
FDR19,362.7502
FDV13,1422.9143
FDB52,3013.3372
FDZ48,3112.035
NCO14,757.6184
FDZ50,3097.2817
FDN27,300.72397
FDQ60,2048.8945
FDR49,771.046
DRJ35,1755.5215
DRI49,1353.6409
FDB47,3497.4602
FDP37,326.70044
FDR26,2379.789
FDY31,388.04233
FDC11,1313.1571
DRP47,4435.4775
NCY54,2516.4187
FDR27,2085.883
FDQ21,309.28787
NCQ29,3774.028
FDJ02,2465.8083
FDE21,1619.8037
FDM39,3275.2346
FDZ01,1660.7291
NCB19,1217.5006
FDU03,2821.795
FDP27,3198.6838
DRF01,2301.9624
FDM03,1640.3108
FDV01,2479.6475
FDS16,2619.2305
FDO45,1426.1593
NCX06,3205.772
FDP13,657.42053
NCR38,4142.322
FDA01,893.99835
FDT26,1900.9543
FDD44,6933.165
FDB26,893.99835
FDP45,1.1846378
NCP55,901.01056
FDT23,1277.7344
FDO51,672.5798
FDA44,873.8638
NCJ31,3481.4128
FDX37,1603.8079
NCD18,4303.958
FDN40,3654.3962
FDL33,3077.4124
DRF48,3008.6506
FDW08,1672.1173
FDX39,2912.0354
FDB38,2835.8752
FDY46,2696.2024
NCB06,2615.7454
FDA34,3874.7344
FDA35,1977.2451
FDQ07,3273.196
FDU32,2029.1261
FDU26,2042.4996
FDU13,348.0484
FDO09,4271.1655
FDW03,291.68594
FDB38,2482.425
FDL26,393.83713
NCN43,2090.5935
FDH08,3123.2468
NCC31,640.35516
FDH14,2227.2393
FDL40,1635.1149
FDD20,2197.5957
NCV53,4346.8794
FDD16,1060.2156
FDP24,1993.1635
FDQ25,2819.1204
FDM38,905.95764
NCT18,450.05884
FDM34,2101.0562
DRH37,460.33774
NCE07,2185.4192
FDG12,1973.5828
FDB59,193.14038
FDS10,2704.926
FDN21,433.15964
FDM02,1354.2115
FDO44,1795.6436
NCN17,1689.5143
FDH16,1235.2532
FDL44,2546.0383
FDY47,2105.6243
DRI39,930.75635
NCX54,1411.1876
FDE59,655.0583
FDO46,3031.5132
DRE13,1405.8793
FDW14,1352.2568
FDF35,1657.303
FDO50,231.8484
DRF49,1942.7805
FDT60,2073.2036
FDP38,732.2667
FDA31,4522.5776
FDY52,145.89314
FDD03,5896.5522
FDN52,1195.9515
FDU20,292.69632
FDD22,1734.0061
NCB55,139.31691
FDN27,1741.5989
FDD16,1202.3497
FDW48,1241.0543
DRN35,633.7333
FDX25,2918.0754
DRD49,3688.1963
FDE21,309.51895
FDN44,2787.369
DRC01,759.2265
NCK30,3837.567
FDU39,888.727
FDB49,1584.2986
FDS12,2084.691
FDR57,2369.2498
FDX22,5752.9375
FDC60,1509.7278
NCE42,3816.5547
NCK42,3538.057
DRE01,3856.5242
FDE57,1813.3545
DRK59,-8.362543
FDB10,5987.09
FDQ25,2775.43
FDY26,3952.3271
FDG28,3820.8562
FDM14,1631.4003
NCH29,1689.6454
FDD48,1913.5906
FDC17,4353.337
DRH49,2198.938
FDN44,2408.6719
FDC29,1884.462
DRK01,256.42868
FDD48,1955.1074
FDB59,2888.3796
FDY45,64.552475
FDX60,1245.1227
FDT09,356.4166
DRB24,2392.4375
FDL13,4271.6606
FDN16,1696.8804
FDK57,2072.6406
FDO22,2152.0195
FDC57,508.07278
FDZ13,1450.7734
FDW27,2319.192
FDX10,647.67413
FDY08,1812.1323
FDA49,1409.2009
FDC32,1270.6438
FDO04,971.6552
NCZ54,3491.8962
FDY40,779.1752
FDW36,1596.6458
FDE11,3304.3396
DRE37,2895.3394
NCK19,3128.122
FDT19,2984.049
FDE56,906.8052
FDZ57,163.6706
FDB35,1576.5037
FDF09,125.43152
FDO34,3221.716
FDA55,3565.5388
NCM18,1278.1154
FDJ20,306.1809
DRQ35,355.754
FDG02,3224.358
NCU29,2172.9983
FDL27,1836.097
NCA54,3057.4355
FDJ32,1016.44806
FDB21,1049.374
FDR46,2450.3696
FDZ32,1706.416
DRF36,4037.258
NCU54,3405.4321
NCI31,654.22473
DRA59,2683.3538
NCC55,678.1385
FDE44,612.81464
NCN26,1591.6278
FDC11,1333.0493
FDV24,2446.593
FDR40,202.13231
NCQ17,2590.964
FDC46,3052.7861
NCM18,1288.0034
FDK16,1510.1138
FDI28,1310.7976
FDS11,3215.4255
DRD13,1003.3674
FDL36,1439.9067
FDI27,737.27313
FDJ53,300.5328
FDS44,4402.3843
FDE28,3738.2432
FDQ33,2149.2878
FDB37,4542.3364
FDQ31,1361.0605
NCQ05,2394.8733
FDE10,2110.9324
FDF38,695.8733
FDE50,361.44208
DRG37,287.30203
NCH06,3404.8218
FDY14,5012.4556
FDO27,1525.9786
FDQ19,4338.7983
FDZ26,513.1925
FDN51,4128.928
FDK20,2503.1
FDD40,2843.9932
DRI25,719.36694
FDH56,1937.1185
FDI36,5277.845
DRH11,727.60754
NCV18,1908.7184
DRI01,2995.0002
DRE48,3157.41
FDS51,1030.1045
FDM38,789.8817
FDB60,5301.9595
FDY58,4305.4565
FDY22,2117.5352
FDF11,5289.3135
FDZ51,1560.7909
FDQ45,3529.2683
FDF17,3223.916
NCF31,3693.566
FDA37,2084.8518
FDO51,711.4771
FDF34,3181.1958
FDD57,1279.26
FDO37,3732.4639
FDR49,747.1102
FDS39,2143.8296
FDI48,1398.4109
DRM35,3388.834
FDV57,3964.1467
FDZ55,2571.664
FDI28,1323.3107
FDS21,1000.74664
FDT34,1663.1638
DRI25,957.29877
FDT47,284.05942
DRH39,1170.1571
NCD54,2176.5454
FDU16,2309.606
NCW29,2054.719
FDV25,5564.679
FDM56,1670.0513
FDZ04,1807.0383
FDG59,127.15177
FDI56,1353.7688
FDS33,1387.7651
FDC23,2911.8684
FDT11,2945.2097
FDG17,4673.6157
FDZ44,1849.2988
FDJ52,2596.8547
DRI23,2475.7393
DRE15,187.15529
NCF07,1624.7385
NCR29,906.78394
FDE44,136.83467
FDT23,1302.9661
NCG06,3223.4932
NCU41,970.7697
FDH46,1705.6176
FDV31,2819.0723
NCT41,4104.427
FDE22,4077.9553
FDC26,1636.8601
DRF51,662.44135
NCY53,309.07578
FDY21,3049.6526
FDL27,1023.49133
FDZ34,3953.0286
NCF43,397.4648
FDC21,1700.6093
FDL26,2489.6062
FDT25,311.5549
NCR30,1010.68604
DRL23,297.9089
NCR05,3188.8503
NCE19,741.66534
FDY07,825.7572
FDB10,3985.6045
FDP57,1645.9293
FDU48,309.8137
FDH48,1412.4937
FDO33,1944.4097
NCU29,2364.6826
FDW35,695.9172
FDH05,579.66656
FDP26,1643.3381
DRG27,722.80994
FDQ33,2379.383
FDH20,247.16565
FDV14,1330.0807
DRD01,882.0972
NCI17,1526.4304
FDF39,1831.7559
FDX37,1632.0735
NCX17,3622.285
FDN03,4245.496
NCS41,529.34845
FDH34,3004.7004
NCX53,1839.7795
FDY31,2352.4248
FDD20,2166.2239
FDE51,721.1843
FDV27,1343.4635
FDF16,2372.939
FDZ02,1452.9058
NCK05,991.1098
FDM12,4616.3657
NCA05,1676.4071
FDX33,2534.021
FDM25,3159.9358
FDE41,1194.2578
FDW14,1368.9229
NCD30,1468.4603
FDB23,695.14954
FDF45,906.5027
FDW20,2076.252
FDF47,2888.4854
NCR05,607.93866
DRB01,2283.1973
FDE36,3227.4375
FDU56,3155.291
FDB23,3888.459
FDN48,1383.4698
FDS43,2991.4524
NCN05,3236.374
NCL53,3115.1455
FDL56,1344.5923
FDH17,1290.5007
FDP37,2064.5305
FDG09,561.23474
FDA55,3599.4565
FDX31,4040.2886
FDJ41,3999.3257
DRC24,2487.0627
FDQ21,2132.8364
NCT54,1400.207
FDH08,3127.7083
FDY38,3420.4785
DRM11,557.62335
FDG32,4226.289
NCH18,3819.047
FDI20,4144.869
FDA33,2202.4802
FDN45,3503.9297
FDT45,152.81795
FDR32,3836.7217
FDA48,3479.7373
FDN23,2429.5916
NCR18,810.3
FDD45,1430.2158
FDI22,2919.6868
FDT09,2203.4653
DRC24,3788.6797
FDT39,2402.9692
FDX28,1550.5671
FDA50,1271.1549
FDT33,4400.118
FDQ60,2020.1128
NCM19,1818.737
FDF40,3841.1545
NCI30,4022.3914
FDK34,3946.0652
FDA38,6238.239
FDT02,617.0494
FDC11,1349.9603
FDD08,668.08923
NCS29,3895.6213
DRI03,412.49606
FDK48,1136.6608
FDM52,2428.7896
FDP49,936.9277
DRA24,2520.5652
NCJ43,2929.9731
FDE11,3339.7688
FDP01,2151.0056
FDQ59,1195.5778
FDA43,511.09732
FDL14,2408.2737
FDV50,313.70517
FDT01,5371.6494
NCC42,2172.9722
FDO28,2008.6667
FDD32,202.48317
FDV45,3343.2427
NCW17,307.12918
NCJ17,2473.2559
NCF18,3060.947
FDP01,2137.9016
FDH24,2352.295
FDI38,6470.5645
FDX03,745.74457
FDY28,3563.3281
FDN34,2684.526
FDJ02,2444.9102
FDW40,426.15244
FDX03,698.97046
FDE17,3785.4028
FDT58,2707.9019
FDI38,4798.773
FDW22,3890.79
FDS15,2911.1682
NCX06,3275.4048
DRK47,3614.1948
FDC23,5022.1733
FDM56,267.75214
FDP21,3128.5984
FDP58,3262.1692
FDA27,373.5038
FDK41,229.78563
NCH42,3720.3828
FDG29,669.08276
FDW15,2140.513
FDD28,728.19946
FDQ37,4251.908
FDC23,3237.3235
FDV13,1502.4237
FDK33,3445.5544
FDO33,1956.7493
FDN21,2533.5933
NCW06,5379.8174
FDI38,5064.889
FDC21,2676.6213
NCS05,2119.235
NCN53,693.6576
FDV40,171.192
FDG60,3923.9907
NCY30,5287.247
FDM40,2064.6213
NCO30,3012.3704
FDK10,2355.871
FDM36,2628.583
FDN10,1904.8387
FDM46,1266.3573
FDX50,1701.091
FDP33,4392.9917
FDO12,3172.276
FDC28,1707.7379
FDO31,1239.6842
FDX45,2453.0952
FDV21,2071.0195
FDH04,1381.8457
NCG54,2805.5361
FDO13,2532.6157
FDA09,4762.553
FDC38,2173.884
NCO42,2168.1992
FDL45,2080.3916
NCK31,772.13
FDM39,3297.5535
FDC22,480.23917
FDF46,1927.2207
FDQ37,3890.4563
FDH41,490.61035
FDQ04,680.6296
NCQ02,4416.368
FDJ57,5324.836
NCE07,2160.0405
FDE56,906.4172
FDI20,3903.4712
FDK36,620.49817
FDP08,5376.6826
FDF44,2464.6794
NCU53,2745.28
FDF47,3475.7996
FDS55,341.46097
FDZ52,280.6022
FDL04,1408.2104
NCM26,2506.6096
FDX43,2868.3489
FDP52,4064.223
DRK49,678.4493
FDE38,2565.3103
DRF13,2499.2766
FDK41,218.25713
FDJ04,3044.1433
FDZ44,1611.3733
FDS11,3813.9175
FDA55,3808.547
NCW53,2938.0115
FDB49,2487.5635
FDD23,3173.5696
NCV42,1672.56
NCZ29,1763.3088
FDQ26,877.3505
FDV08,716.2786
FDC53,1620.4446
FDV58,422.71466
NCP02,146.67122
DRI37,881.19116
FDQ12,3479.769
FDE33,1170.5496
FDX27,1330.4937
FDM22,782.9964
NCH30,309.07578
FDC04,3875.5693
FDO38,1268.2642
FDV52,2985.8035
FDB32,1454.3616
FDV43,599.69073
FDI24,2777.7087
FDR40,1352.4232
FDW02,2146.5671
FDE44,742.0441
FDL38,1375.4767
NCT54,254.11348
DRJ39,541.6492
FDW55,4103.101
DRF13,385.80106
NCW17,2132.0615
FDP13,690.6948
FDS08,2422.1492
NCP17,996.84406
NCO53,3225.8093
FDH19,2736.2314
FDJ04,2033.6055
FDG10,909.0823
FDA40,212.90373
FDI53,2555.6467
FDU09,392.85077
FDK60,1521.552
FDR43,638.5751
FDW22,3589.0474
DRP47,498.48877
DRG48,394.16174
FDA14,2461.3647
FDU49,1411.0356
FDK28,3728.716
FDT19,3080.722
NCQ42,2016.4558
FDD03,3086.2168
NCM53,1641.3141
NCX53,2097.1353
FDV14,2200.2817
NCZ54,3196.486
FDB39,878.6704
DRC24,2361.9297
FDY36,1120.5911
FDN01,3093.5334
DRH25,864.60443
FDV08,709.95605
NCP53,4017.6726
FDU52,400.9122
NCI42,2833.55
FDZ14,2037.9736
FDF11,3299.2036
FDQ13,1200.1779
FDO32,167.31953
DRJ37,2119.6362
FDY43,2734.2056
NCT41,2444.904
NCV17,2137.1863
FDM04,1565.0933
DRB48,523.17053
FDM24,2342.7544
FDT37,4140.494
NCO05,265.1213
FDL13,3928.4517
FDL15,2440.2888
FDB11,3500.0417
FDL14,419.67096
FDY10,309.07578
FDJ40,1689.1205
NCW18,3920.68
NCY06,2117.5098
DRE13,1200.8938
FDA26,3356.482
NCE19,144.7866
FDE33,1334.3649
DRL59,1515.8488
FDY07,796.0376
FDF57,2524.8926
FDM58,1689.625
FDP26,2559.5188
FDY32,2704.109
FDD51,142.79506
FDU22,1724.4271
FDZ49,3310.5962
NCI42,3267.9712
FDT04,1082.4475
NCU41,3265.926
FDS56,3667.5994
NCN42,2474.7336
FDK34,3770.6606
FDB03,3623.473
DRJ25,829.04254
FDT25,3215.791
FDN20,2698.3516
FDP09,3431.362
FDM20,636.56946
NCG55,1877.7587
NCP14,1601.8163
NCH06,2668.397
FDV52,1876.0828
NCL07,765.57294
DRJ11,4853.8604
DRO59,1115.0914
FDW15,367.49994
NCQ30,2117.033
NCN54,173.06316
FDY01,2978.4492
FDX39,3483.6758
FDH53,2230.9077
FDA57,754.4468
NCC07,264.9919
FDU28,2786.0037
FDK36,146.40303
FDR36,536.78723
NCQ17,2414.7053
FDS28,108.32246
FDE08,2356.875
FDU22,2001.8799
FDG41,1633.8464
FDO31,208.56258
FDM21,837.0866
FDU40,2769.2876
FDV36,1775.5215
FDT10,1774.8811
FDX38,714.299
NCU30,3996.805
NCV06,3234.0203
FDT16,5187.428
NCP41,2623.4521
FDZ56,2882.3457
FDC22,3101.2454
FDU10,718.5244
FDS46,1840.2164
FDO08,2775.5664
NCV42,1508.9862
FDP33,4675.584
FDJ12,3438.1323
FDH04,1369.7935
NCU54,3221.5818
FDO36,479.5028
FDT37,6233.6885
FDD14,421.89896
FDA16,3643.9187
NCS42,276.19095
FDP10,285.2083
FDQ28,2347.3489
FDK57,342.03162
FDK02,1910.0093
FDW47,1754.3029
NCC42,1809.6256
FDQ37,3922.7998
FDL40,1467.583
DRE13,228.71931
FDQ34,2763.0703
NCB54,2040.5587
FDS48,2458.797
FDO15,1055.0182
NCT30,768.7067
FDU49,2345.3777
FDE21,1909.0687
FDS49,223.23048
FDT38,2241.3474
FDZ01,1612.8615
FDC41,1233.7527
DRG13,419.11288
NCZ42,3247.7012
NCM07,1322.6244
NCV17,1822.1344
DRK39,1352.8872
FDS37,1615.2208
FDV12,310.1304
NCG19,3338.2803
FDS51,915.579
NCO14,690.4174
FDC38,2111.624
FDN15,2115.3027
NCH42,3884.6472
FDQ22,637.8509
FDC05,3077.9592
FDZ31,3102.1565
DRJ23,3029.1655
FDC52,2468.7507
DRD12,222.81932
FDV55,2460.9314
FDD32,1238.85
FDR01,3433.0088
FDY08,308.42767
FDQ45,3420.158
DRN11,3471.3083
NCS05,1840.631
FDY32,2619.8635
NCD31,2719.436
NCE06,2611.227
NCP14,1646.2032
NCF18,482.96902
FDF14,2132.3916
FDB22,2353.6118
NCH54,2641.8953
FDU27,798.63116
FDS58,4249.8184
NCU29,2474.9392
FDJ57,3321.4282
FDL56,1349.426
FDH60,3175.051
FDN24,733.37
FDD02,2154.4814
FDP15,4362.9873
FDB28,5086.6562
DRC49,2379.407
NCG30,1750.8246
FDJ14,1260.2766
FDL52,619.3243
NCG19,6360.923
NCN41,2123.4773
FDW22,3805.4858
FDI02,1844.2777
FDV51,2627.2356
FDV48,1247.6833
NCL17,311.09146
FDP46,1396.8994
FDU10,621.2058
FDT37,683.5058
FDI27,785.4128
FDN51,3841.948
FDW07,1378.1433
FDN45,3523.2402
DRN37,4139.8853
DRF48,3009.478
FDP38,140.90337
NCX18,4952.813
FDK45,1660.2357
FDZ37,1364.7947
FDS50,2809.9932
NCR54,2683.7905
NCS17,1464.487
FDV31,2789.588
DRE27,1491.3263
FDN60,2574.5447
FDK26,3166.014
FDX37,1363.9879
FDW31,3070.341
FDX26,2800.377
DRL49,-143.13412
FDU49,1478.6433
FDY58,4014.6138
FDN03,4137.47
NCV06,569.64526
FDH53,1304.5647
FDG31,854.09283
NCC06,2318.7573
FDS13,3706.2986
FDP16,4899.682
FDA35,2070.32
DRP47,3536.5044
FDY28,703.42065
FDY20,1371.1141
NCH30,1784.6041
NCR29,146.67122
NCP05,2637.177
NCF30,301.49042
FDA08,2932.953
FDN51,6248.882
FDH12,1646.2032
FDY39,3588.7712
NCO53,2971.8247
FDB40,2441.0132
FDH02,1392.2078
FDY11,1835.0371
FDQ09,309.07578
FDP16,4896.062
NCF55,519.9823
FDY09,4871.541
FDY39,3719.4712
NCU53,2690.4421
NCT41,2416.3271
FDJ45,634.47034
FDR28,2710.492
FDN08,1946.3575
FDJ07,1941.9927
FDZ09,4089.354
FDQ14,2395.0127
FDY12,1395.1761
FDK57,2035.6841
FDD20,2095.7795
FDS36,1667.1838
FDI40,1685.6339
FDJ40,1647.1492
FDE08,2396.7778
DRK01,1481.083
FDC58,696.4104
FDE50,2871.8665
FDX48,2501.2864
DRM35,2985.3245
FDG41,1654.5946
FDB52,2955.662
FDV19,2745.6787
DRG48,2469.5408
FDI26,2851.2192
FDU11,301.49042
FDF59,321.66318
FDR07,1532.274
NCE06,2414.3547
FDE10,2100.78
NCO55,1646.2032
FDZ13,770.5072
FDT50,1537.1593
FDH12,273.6798
FDD21,2310.212
NCM05,5967.519
FDK04,900.723
FDN33,1563.5754
NCM18,276.84238
DRC25,1371.6635
FDT47,1664.3137
FDD45,2733.772
NCD07,1588.7985
NCY54,429.62338
FDL12,914.8551
FDL02,1697.6945
FDC60,1519.7881
FDR37,3674.3098
FDY16,3427.2751
FDU26,2013.7029
FDN24,858.5944
FDH44,2405.4673
FDE23,143.32945
FDW60,3032.284
FDQ55,1934.0894
FDV32,1863.0103
FDV03,472.86304
FDY14,1310.4631
NCL55,6011.305
DRF25,732.09784
FDX03,688.70935
FDF40,3790.9778
FDX24,232.5616
FDA25,1639.3558
FDH21,2711.0845
FDB47,557.9666
FDT34,285.2083
FDS39,297.27408
NCU05,1312.9027
FDE02,1435.0496
FDL25,1377.228
FDC50,1415.5577
FDZ32,1641.026
FDV14,1284.8356
FDR07,1466.2213
FDB26,868.63574
NCR50,3460.8604
FDP01,1927.1415
FDH57,2046.4119
FDM60,1066.7212
FDA45,2742.2087
FDU55,5809.016
FDH40,1309.5237
FDG40,108.697815
FDT12,3605.4072
DRL59,851.5279
FDT47,1539.9288
FDI60,1060.737
DRF51,1067.6509
NCK31,769.44147
FDB08,2449.2095
FDM44,1696.7919
FDD46,2188.429
FDR27,307.1499
FDV56,268.75098
FDM02,1346.4124
FDU45,1560.1921
FDZ10,2109.3254
NCK31,140.90337
FDR27,2146.3643
FDF33,1681.7598
FDJ36,1641.4065
FDP33,4519.106
FDG17,4558.958
FDG47,3458.036
NCW29,2044.2345
DRH59,1115.5472
FDR32,3864.5781
FDP48,3940.0981
FDG17,4699.948
DRJ59,682.8572
FDY48,2603.137
FDB02,2775.43
FDN10,309.07578
NCD55,814.3335
FDX34,2483.4639
FDZ38,3510.4534
DRF37,4016.9402
DRL47,140.61853
FDL27,1060.8323
NCP53,3991.2295
FDT03,318.60135
FDJ28,3324.4924
FDF40,3335.4119
FDA32,3538.7131
NCP02,922.3952
FDZ31,2945.3994
NCQ29,3600.7354
FDP57,279.34424
FDL32,3137.1104
DRB01,2433.5076
FDJ40,1680.1183
FDO24,2315.635
FDO11,4509.114
FDA56,2105.1062
FDF02,1625.8771
FDA10,2073.6343
NCI55,2299.852
FDZ40,146.97038
FDV08,701.69055
FDN48,1381.0922
FDU57,2412.3933
DRF49,1909.1808
FDS02,3084.2983
FDS43,2990.473
FDT16,5425.1987
FDX19,5923.97
FDK15,1576.2797
DRA12,2121.5159
FDY35,797.81226
NCU42,3139.0435
FDD26,3099.8015
FDR11,2320.3257
NCP53,3799.6284
FDP34,2619.5273
NCV41,298.9117
FDN20,2411.622
FDZ16,3075.2861
FDZ28,2097.3274
NCL55,3907.5022
NCJ17,1400.2218
FDT37,3804.5134
FDV51,2812.7334
FDZ28,2200.2988
FDN27,1858.9901
FDS14,385.34692
FDZ58,2003.7212
FDD46,2435.6526
FDJ03,785.4128
FDU03,472.7228
FDA33,3697.2947
NCW53,3019.2336
NCC55,655.79083
FDP52,632.40784
FDE39,1987.267
FDB44,3521.5137
FDG59,637.58325
FDI05,1115.4652
FDF59,2027.3655
FDM39,977.48254
FDB14,1353.9644
NCS05,311.53464
DRJ35,901.6929
FDO31,202.48317
FDA31,2822.5195
FDX40,682.67706
FDW56,4511.6875
FDH09,612.00934
FDA52,423.9246
FDF20,502.68805
FDE40,897.40717
NCU17,1768.0259
NCP14,1695.998
FDN25,1760.5829
FDU39,907.26807
NCM05,5621.5713
FDU07,2422.528
FDF28,2090.0542
FDR57,2637.0576
FDJ33,2084.6208
DRH23,926.46295
FDQ52,4532.6333
DRK13,3154.803
FDP09,3504.5708
FDR08,2684.3838
FDV50,1975.3337
FDT13,3287.4268
FDJ27,2617.6003
FDH21,2872.5398
FDW14,2198.962
FDL52,682.6296
FDW28,3192.383
FDL40,1534.5149
FDE24,2091.0403
FDX35,3921.1724
FDP46,1403.8866
FDX56,3605.311
FDQ45,3238.0964
FDK50,4048.1777
FDY26,3926.2917
FDQ09,1945.0219
FDN39,3013.9
FDP13,689.17285
FDR51,2454.941
FDZ49,469.97742
FDL28,2328.2483
FDZ10,2131.5967
FDK38,2363.45
DRL49,2676.7358
FDR15,2410.175
FDQ24,4865.3423
FDD56,2837.7078
NCR42,638.9435
FDH52,1000.06335
FDH57,306.52805
FDR15,392.87592
FDJ34,2062.3584
FDW37,1432.2072
FDQ23,1467.9843
FDP34,2656.173
FDE04,4968.089
FDC48,1240.4244
FDA47,412.99338
FDI35,2698.8232
NCV05,2453.9172
FDR28,2659.9246
FDH31,1625.7104
FDP59,291.24277
FDS19,1038.5054
FDM60,669.73883
FDJ44,2649.0767
DRH51,1363.3771
DRC25,1428.8949
DRE25,1433.5845
NCX05,1955.5742
FDR11,2558.1528
DRP47,3868.5127
DRC49,371.95306
FDQ47,1053.463
FDL20,1752.6981
FDM34,2206.8347
NCN55,4386.695
FDD41,1713.0253
FDE52,1336.143
NCT18,448.0221
FDJ32,735.27496
FDE16,3594.2776
FDZ09,2600.7458
DRZ11,2027.4349
FDK41,1349.426
FDE56,909.5583
FDH34,3140.3608
DRI49,1245.2489
DRI59,3547.9893
DRC36,2670.8484
FDS15,507.84482
FDI07,2947.2751
FDZ15,1689.5468
NCX41,5516.288
NCO29,423.63336
FDF57,2763.2104
FDI33,1540.4285
DRJ47,2781.1436
FDB34,1351.784
FDY22,3225.1978
DRL11,2571.938
FDY46,3140.4395
FDG17,4663.807
FDE52,1222.6631
DRP47,5722.833
FDO01,278.0687
FDL09,2684.4412
FDR57,2621.0115
DRD37,933.3928
FDQ36,1073.7733
FDL33,3145.6575
FDL48,724.5389
FDL28,3084.4497
NCN29,751.84503
FDO13,2650.2961
FDB38,2560.3752
FDI36,3193.9426
FDI58,1447.6051
FDH22,1860.3907
FDQ27,1782.8425
FDT33,2740.967
FDC56,1893.396
FDF14,2488.2432
FDQ39,3319.164
NCM43,2770.9453
FDS46,2116.44
FDI22,3597.5386
NCE43,2774.2666
FDZ36,863.5933
FDR13,304.47025
FDP46,1222.9908
FDW56,1564.4762
FDB40,2537.807
FDM28,2600.014
FDV49,4808.0474
NCS53,2334.8174
FDO03,4133.9155
FDT15,3278.006
FDD33,3723.9668
FDX13,4654.2935
FDH60,2979.8354
DRH51,1311.7203
NCL07,707.1903
FDW51,3192.1619
FDF21,487.4724
FDH26,312.4963
FDJ03,721.1591
FDU35,1601.4373
DRL01,4181.6245
FDE59,640.97974
FDI60,1069.4231
DRH39,1260.4448
FDK36,763.11816
FDN52,1337.2722
FDU12,3858.1548
NCT05,5744.9956
FDS37,3023.6719
FDK24,778.4003
DRF36,3836.8315
FDN46,267.66193
NCN06,2595.7646
FDD59,1398.5768
FDM14,1670.6312
FDO10,732.37933
FDU35,1563.7362
NCA30,2528.423
NCO41,1531.8882
FDI24,2976.9023
FDZ16,3047.894
FDV47,1306.5725
FDV16,605.9912
FDZ22,1378.3163
FDO20,357.67786
FDW38,914.41907
FDW52,2909.759
FDT43,140.90337
NCS29,4110.4336
NCC31,2452.0679
FDA21,3627.1416
FDQ55,1902.291
NCE54,1204.849
FDD45,1480.9666
NCP17,1061.1785
FDR47,3174.5374
DRM35,3222.2979
FDR47,491.88687
FDX19,171.45859
FDV22,4415.118
FDQ46,2825.8235
DRO47,1713.1302
FDB44,481.1629
FDN02,589.3253
FDW10,2940.9785
FDJ41,674.1907
FDM50,894.1909
FDW10,2933.231
FDY48,1699.0469
NCE30,4861.0186
FDO04,883.2014
FDQ26,130.58849
NCX29,2155.9856
FDE39,1854.2769
NCR54,5321.862
NCP55,1691.9181
FDX22,3886.357
FDI05,1089.6002
FDC51,3187.49
FDC10,1946.1742
FDJ46,3038.3843
FDV10,128.35974
FDX12,6311.6245
FDL43,203.80305
DRB13,3155.2146
FDF59,3205.5266
FDT35,2757.32
NCJ19,944.8077
FDT35,2701.4775
FDI48,745.0254
DRC24,371.81573
NCZ05,1689.5143
FDJ57,3428.9214
FDX11,3330.7485
FDE09,1820.2628
NCK06,1990.3876
DRE37,3072.839
FDV56,1649.4437
FDY43,2761.4165
FDV35,2383.78
FDF05,673.54614
FDA36,3191.0356
FDS13,6004.9727
FDU47,2124.7537
FDI36,514.07983
FDH48,1344.7834
FDZ14,2029.4917
FDS46,2066.2864
FDE21,2002.882
FDA26,3635.5774
FDV12,1643.0469
FDL46,125.439285
FDN57,2125.9297
NCJ18,1936.2548
FDO36,2737.8508
FDX55,3037.481
FDT25,303.77853
FDD16,1131.9008
NCX18,3192.2512
NCG55,1588.4938
NCV18,1870.1367
NCS18,1714.3567
FDC37,1636.5562
FDE47,2054.5815
DRG49,1048.229
FDC39,3762.9824
FDH24,421.30023
FDV39,5427.1978
NCL17,2065.4885
NCY53,1990.5057
FDH52,1013.94934
NCD19,733.6992
FDI44,1196.4508
DRD49,6045.0864
FDN08,1973.3177
FDO20,6221.596
FDY02,3799.5627
FDX23,1407.2223
FDX01,2002.882
FDH20,2585.5967
NCX41,3519.5642
FDD21,3702.6743
DRH11,143.19441
DRE60,4313.6396
FDB10,3829.6514
FDH38,1993.074
NCL07,521.4381
FDD48,1920.2368
NCT54,2711.242
FDF32,5343.408
DRH51,1297.2635
DRG03,2574.4548
NCY42,323.65872
FDH32,1549.6987
NCJ06,2953.2603
FDH47,2727.0505
FDZ08,1168.069
FDK16,1521.1298
DRG01,1037.584
NCM53,2683.2073
NCB07,3066.572
NCZ06,3645.132
FDU48,2101.0562
NCB55,1771.3795
FDP15,4559.446
FDF17,3158.037
NCN06,2679.6165
DRM48,568.92096
FDH10,2176.642
FDC60,1366.5514
FDE35,717.7164
DRI23,2566.728
NCR38,4501.1255
FDP04,998.7892
NCW17,2086.711
FDX34,2517.0637
NCK53,1504.7529
NCO54,147.75179
NCH55,2053.5654
FDT44,3241.7844
DRG49,4321.3945
FDX46,142.24901
DRG36,2995.373
FDU37,1355.3713
FDK10,2378.2327
DRF37,6439.2812
FDC44,1817.9457
FDP15,4098.8755
FDZ27,1373.6437
FDY22,311.30475
DRG51,2789.579
FDN58,5088.0864
FDW01,2379.3206
FDX24,1276.87
FDO51,705.8449
FDJ52,4093.5205
NCY06,298.2852
FDE20,2752.1934
FDT23,194.3853
FDQ51,751.94934
FDE35,933.7592
FDB46,3300.1638
NCG19,3700.2524
NCL06,3370.9458
FDT36,119.47772
FDC56,2068.5208
FDJ26,3081.6526
FDZ59,2897.09
FDV11,4736.395
FDR13,291.05685
FDI15,3976.325
FDF47,2965.787
NCB54,309.8137
NCK19,5321.862
FDX16,2431.7085
FDL50,2017.3308
NCE31,667.5565
DRJ01,2081.334
FDE22,2607.672
FDY20,230.52852
NCO14,685.26434
NCR50,3545.767
DRM47,3106.3613
FDO27,250.73793
FDJ20,3268.8254
NCX17,3667.4937
FDG59,674.0467
FDD52,1620.4128
FDO48,3743.2944
FDC59,176.06667
FDS15,1690.7484
FDB47,3554.6702
FDV14,206.33888
FDB27,3308.7769
FDA35,2118.6162
FDN51,3543.8926
FDO39,495.17657
FDB28,3133.2197
DRJ25,794.35425
FDH46,2612.8613
FDI10,2795.8018
FDU21,491.36676
FDD09,3042.8267
FDD10,2439.5142
FDN31,506.4462
FDA46,2963.6501
FDM56,1581.8267
FDF11,76.11711
FDS32,1778.5504
NCM06,2386.747
FDZ26,3749.7234
FDO01,2030.8323
FDJ46,2917.9424
FDG26,568.0969
FDZ38,3840.8208
NCO55,1669.3805
FDT60,2113.8882
FDW37,1375.5804
NCK42,2895.6865
FDA45,2299.1357
FDW55,3731.222
FDY44,3314.7422
FDQ31,1429.8163
FDM09,2964.6165
FDH12,1424.6536
NCQ43,1776.3966
FDT33,2846.22
NCT41,2131.7886
DRJ25,146.75923
NCQ41,3097.0938
NCN17,1619.286
DRO35,3159.843
FDU27,612.58704
FDY43,4508.8774
FDG46,2133.5105
DRL49,1571.1267
NCB55,892.24225
FDK28,3918.3496
FDO49,772.04724
FDT03,2410.9797
FDW33,2749.9595
FDR02,1909.4197
FDF50,3072.5513
FDA40,1222.8079
NCT53,2562.627
FDY60,2206.5078
FDP44,2607.1394
NCQ50,3686.4175
NCC30,2941.115
FDQ60,1759.3785
FDG41,1641.5977
FDQ03,2814.392
FDM03,1598.3395
FDZ51,1308.8142
DRF51,673.08
FDF39,6327.045
FDW52,2967.0132
FDY22,2497.3186
FDG14,2614.8867
FDA57,696.4225
FDL45,303.40036
FDX28,1529.1328
NCQ54,3511.3098
FDH40,1233.7882
FDU52,2570.0635
FDT60,293.8394
FDK08,1562.1146
FDN04,3029.5945
FDE50,2904.0933
FDI16,789.6937
FDM50,927.54224
NCV30,916.7711
FDT44,1905.9757
FDY60,2445.7788
FDT56,922.21234
FDV58,2349.3381
FDU04,2102.7368
NCN05,4994.7227
FDI53,2314.0833
FDD34,2640.1484
FDW47,3157.0527
FDT51,3076.263
FDO27,1488.2776
NCQ18,1378.1821
NCW05,1991.7086
FDI15,912.6052
NCH43,-47.05375
FDT40,1847.9302
NCG19,3560.5825
NCM30,737.5193
FDB38,2585.139
FDB22,2350.4297
FDC58,685.13727
NCI29,1949.4202
FDA23,284.63138
DRG48,2421.791
FDV21,2078.8242
NCG18,288.30777
FDG40,619.3652
FDU24,1416.961
FDA22,2873.9668
FDY35,777.8485
FDJ15,4637.7817
NCW18,3591.1458
FDK56,2789.6213
FDF44,2386.432
FDP51,2074.7847
FDU22,3094.1375
FDM28,2842.3945
NCL42,3993.1008
FDJ15,1502.3583
FDI32,1698.8479
DRL11,2519.5347
DRO59,959.6394
FDA07,310.24954
NCO53,3092.9834
FDO21,2778.5479
FDW39,3112.6194
NCV17,2139.866
FDE22,2552.3923
NCB06,2348.7886
DRF48,3060.9277
FDB05,3333.2664
FDP28,6325.8794
FDP23,3312.0142
NCS41,2964.838
FDS40,519.76746
FDA16,3625.6958
FDN20,3012.0347
FDF04,6042.925
DRG36,2488.4485
FDW16,1253.5243
FDU09,1166.6877
FDW01,2388.5625
FDB15,4920.0366
NCJ17,1345.5486
NCT18,2753.8079
FDG16,2781.3857
FDP27,3095.9868
FDQ44,3205.713
FDL50,3160.0889
FDW57,4782.009
FDS34,1894.87
NCV30,975.15924
FDD26,2762.713
FDA03,2319.3591
FDS27,1831.1837
FDM12,2952.0596
NCV42,3028.2493
NCS41,3156.9832
FDN56,2167.0508
DRK59,2859.1067
NCG18,1656.7043
NCN26,1974.7059
FDI60,1831.3789
NCI43,756.82983
NCL17,2120.0454
FDQ19,997.9239
FDY43,2831.7537
FDR36,690.0551
FDJ58,2868.679
DRY23,682.94904
FDK26,4889.281
DRH03,1399.5991
FDC10,302.78683
FDD23,3135.0876
FDP32,2023.3907
FDO31,1300.4893
FDQ57,2496.3484
FDX32,3857.3838
FDC39,5326.846
FDU55,5577.014
FDL45,2088.196
DRK37,3947.9514
FDK22,3224.1155
DRG37,4117.898
FDK22,3338.0562
DRH36,908.1774
DRC36,2500.1572
DRE03,1100.2997
FDF34,3076.8586
FDZ22,1310.6061
FDC44,290.193
FDN31,5143.5767
FDO03,4099.969
FDA01,913.8593
NCH42,3859.225
FDF46,1658.6754
DRL35,686.3839
FDW46,1025.4137
FDB58,2128.784
FDD47,2543.0615
NCO17,1888.2255
FDJ26,3450.7554
FDU37,1337.024
